ts,rtt_ms,jitter_ms,ack_latency_ms,kind,authority,vcap,lost,event
0.0,80.0,,,pong,observer,1,0,
0.207,36.0,22,,pong,observer,0.85,0,
0.488,66.0,18.354533197248273,,pong,observer,1,0,
0.762,88.0,19.817921182606415,,pong,observer,0.92,0,
0.962,37.0,21.518364250100422,,pong,requesting,0.81,0,
1.189,16.0,25.92564153283172,,pong,requesting,1,0,
1.441,16.0,27.41145299144211,,pong,requesting,1,0,
1.753,79.0,27.562429138230904,,pong,requesting,1,0,
1.958,34.0,26.61151704631235,,pong,requesting,0.855,0,
2.207,31.0,25.89613870830939,,pong,requesting,1,0,
2.528,107.0,29.906742101748495,,pong,requesting,1,0,
2.756,81.0,29.61547549658605,,pong,requesting,0.7150000000000001,0,
2.957,33.0,29.101536184263946,,pong,requesting,0.845,0,
3.255,84.0,29.077307232932824,,pong,requesting,1,0,
3.464,38.0,28.459249619216752,,pong,requesting,0.83,0,
3.709,29.0,28.268729963512687,,pong,requesting,1,0,
3.963,36.0,27.72991339484877,,pong,requesting,1,0,
4.199,19.0,28.014326141026526,,pong,requesting,1,0,
4.46,32.0,27.580152645418742,,pong,requesting,1,0,
4.716,38.0,27,,pong,requesting,1,0,
5.009,82.0,27.118075152930746,,pong,requesting,1,0,
5.219,42.0,27.004444078706744,,pong,requesting,0.84,0,
5.508,80.0,27.600543472910097,,pong,requesting,1,0,
5.712,33.0,26.40127837813919,,pong,requesting,0.85,0,
6.004,85.0,27.509770991413216,,pong,requesting,1,0,
6.218,40.0,26.516928555170185,,pong,requesting,0.825,0,
6.445,17.0,26.451843035977664,,pong,requesting,1,0,
6.71,30.0,26.010526715159,,pong,requesting,1,0,
6.946,15.0,26.857773548825673,,pong,requesting,1,0,
7.259,89.0,28.015174459567444,,pong,requesting,1,0,
7.458,35.0,24.985795964907744,,pong,requesting,0.8049999999999999,0,
7.756,83.0,25.12568407028951,,pong,requesting,1,0,
7.947,24.0,25.450884071088772,,pong,requesting,0.835,0,
8.221,48.0,23.968468870580782,,pong,requesting,1,0,
8.438,18.0,24.63711630852929,,pong,requesting,1,0,
8.712,42.0,24.40983408382777,,pong,requesting,1,0,
8.961,41.0,24.348049203170262,,pong,requesting,1,0,
9.481,310.0,62.19935690985881,,pong,requesting,1,0,
9.481,59.0,61.886569625404185,,pong,requesting,0,0,
9.697,26.0,62.1598544078089,,pong,requesting,0.955,0,
10.225,304.0,81.81899229396558,,pong,requesting,1,0,
10.225,53.0,81.65867988156556,,pong,requesting,0,0,
10.478,55.0,81.71185654481239,,pong,requesting,0.985,0,
10.979,302.0,95.44244338867273,,pong,requesting,0.975,0,
11.013,87.0,95.44469602864267,,pong,requesting,0,0,
11.283,112.0,95.0781257703369,,pong,requesting,0.815,0,
11.449,29.0,94.66831571333672,,pong,requesting,0.69,0,
11.697,26.0,94.79498931905631,,pong,requesting,1,0,
12.003,75.0,93.37928035704708,,pong,requesting,1,0,
12.207,29.0,94.35088764818273,,pong,requesting,0.875,0,
12.513,85.0,93.57531725834544,,pong,requesting,1,0,
12.755,77.0,93.60817272012096,,pong,requesting,0.825,0,
13.227,299.0,102.64953726149962,,pong,requesting,0.865,0,RELEASE
13.264,86.0,101.94747422079666,,pong,requesting,0.25,0,RELEASE
13.739,312.0,109.17484829391796,,pong,requesting,0.8200000000000001,0,RELEASE
13.775,97.0,107.84878302512273,,pong,operator,0,0,RELEASE
14.056,127.0,106.18733446131888,,pong,operator,0.765,0,
14.207,29.0,99.48943411237195,,pong,operator,0.615,0,
14.492,64.0,99.35849233960832,,pong,operator,1,0,
14.733,55.0,98.27373759046715,,pong,operator,0.9299999999999999,0,
14.979,51.0,88.99578641711078,,pong,operator,0.975,0,
15.217,39.0,89.43634607920875,,pong,operator,0.995,0,
15.502,74.0,89.03419286993059,,pong,operator,1,0,
15.749,69.0,76.57212286465618,,pong,operator,0.88,0,
15.969,41.0,77.34765671951541,,pong,operator,0.905,0,
16.221,44.0,77.74663979877202,,pong,operator,1,0,
16.549,121.0,76.99155797878102,,pong,operator,1,0,
16.695,17.0,77.38958263228973,,pong,operator,0.645,0,
16.946,18.0,78.90760419630037,,pong,operator,1,0,
17.287,110.0,77.91461672882694,,pong,operator,1,0,
17.45,22.0,79.3438088321956,,pong,operator,0.7,0,
17.781,106.0,79.40181043276029,,pong,operator,1,0,
17.985,61.0,63.23312027727242,,pong,operator,0.72,0,
18.273,97.0,63.35542597126154,,pong,operator,0.945,0,
18.456,32.0,34.31486558330077,,pong,operator,0.765,0,
18.72,44.0,33.681560237019895,,pong,operator,1,0,
18.971,48.0,30.164382970649342,,pong,operator,1,0,
19.258,82.0,29.90631204277786,,pong,operator,1,0,
19.464,36.0,30.32700941405202,,pong,operator,0.84,0,
19.716,38.0,30.64555432685139,,pong,operator,1,0,
19.964,33.0,31.08440123277268,,pong,operator,1,0,
20.24,60.0,30.82576033125542,,pong,operator,1,0,
20.461,31.0,31.10868046060456,,pong,operator,0.95,0,
20.722,42.0,31.079374189323698,,pong,operator,1,0,
20.938,18.0,31.95778465413396,,pong,operator,1,0,
21.205,28.0,32.37066573303675,,pong,operator,1,0,
21.73,303.0,62.23672549226862,,pong,operator,1,0,
21.73,56.0,61.42383495028619,,pong,operator,0,0,
21.945,21.0,61.31671876413479,,pong,operator,0.97,0,
22.247,76.0,60.46660235204225,,pong,operator,1,0,
22.466,47.0,59.8886257982265,,pong,operator,0.87,0,
22.75,80.0,59.21847262468022,,pong,operator,1,0,
22.994,69.0,59.23974594813856,,pong,operator,0.85,0,
23.274,103.0,59.43086319413508,,pong,operator,0.905,0,
23.495,70.0,59.0363235643955,,pong,operator,0.735,0,
23.738,60.0,58.86465408035623,,pong,operator,0.9,0,
24.001,73.0,58.754659389702866,,pong,operator,0.95,0,
24.191,21.0,59.439780450469364,,pong,operator,0.885,0,
24.504,78.0,59.18131039441422,,pong,operator,1,0,
24.719,40.0,59.13668489186725,,pong,operator,0.86,0,
24.96,32.0,59.164516392851546,,pong,operator,1,0,
25.264,85.0,59.30115934785761,,pong,operator,1,0,
25.481,53.0,58.831857866295536,,pong,operator,0.825,0,
25.696,17.0,59.62591718372138,,pong,operator,0.985,0,
25.964,35.0,59.04682463943342,,pong,operator,1,0,
26.211,33.0,58.89006707416795,,pong,operator,1,0,
26.516,83.0,24.253659517689286,,pong,operator,1,0,
26.868,195.0,38.69945090049728,,pong,operator,0.835,0,
26.967,34.0,38.08359226753695,,pong,operator,0.25,0,
27.234,61.0,37.99141350357999,,pong,operator,1,0,
27.49,57.0,37.83711801921495,,pong,operator,0.945,0,
27.721,47.0,37.820761494184644,,pong,operator,0.965,0,
28.043,110.0,39.213868720135224,,pong,operator,1,0,
28.222,49.0,38.3083215502846,,pong,operator,0.7,0,
28.468,34.0,38.71727650545684,,pong,operator,1,0,
28.714,41.0,38.93443206212208,,pong,operator,1,0,
28.972,39.0,39.023838868056025,,pong,operator,1,0,
29.219,44.0,38.27175851721475,,pong,operator,1,0,
29.472,39.0,38.214395193434626,,pong,operator,1,0,
29.708,34.0,38.365218623122686,,pong,operator,1,0,
29.972,39.0,38.17522102097118,,pong,operator,1,0,
30.212,39.0,37.769398989128746,,pong,operator,1,0,
30.481,48.0,37.79272416749022,,pong,operator,1,0,
30.923,252.0,56.42984582647732,,pong,operator,1,0,
30.957,36.0,56.40310275153309,,pong,operator,0.25,0,
31.258,85.0,56.033115208776316,,pong,operator,1,0,
31.485,64.0,55.93681703493684,,pong,operator,0.825,0,
31.686,15.0,48.68498228406785,,pong,operator,0.9299999999999999,0,
31.967,36.0,48.63689443210781,,pong,operator,1,0,
32.209,38.0,48.83451648168537,,pong,operator,1,0,
32.47,38.0,49.01558425643828,,pong,operator,1,0,
32.705,34.0,49.221032089951144,,pong,operator,1,0,
32.981,50.0,47.622578678605805,,pong,operator,1,0,
33.206,35.0,47.77447016974652,,pong,operator,1,0,
33.466,37.0,47.72240040065043,,pong,operator,1,0,
33.687,16.0,48.3217342404016,,pong,operator,1,0,
33.97,39.0,48.3217342404016,,pong,operator,1,0,
34.216,36.0,48.41022619240691,,pong,operator,1,0,
34.46,32.0,48.517290732274,,pong,operator,1,0,
34.708,39.0,48.44625888549084,,pong,operator,1,0,
34.981,50.0,48.37610463855063,,pong,operator,1,0,
35.207,34.0,48.45007739931898,,pong,operator,1,0,
35.464,35.0,48.56899731310087,,pong,operator,1,0,
35.704,32.0,14.66449794571911,,pong,operator,1,0,
35.966,35.0,14.676511847165866,,pong,operator,1,0,
36.207,26.0,10.456935497553765,,pong,operator,1,0,
36.467,36.0,8.266045003506814,,pong,operator,1,0,
36.706,37.0,6.934515123640585,,pong,operator,1,0,
36.977,46.0,7.28611693565235,,pong,operator,1,0,
37.21,38.0,7.28611693565235,,pong,operator,1,0,
37.472,44.0,7.4731184923029295,,pong,operator,1,0,
37.707,26.0,7.80560695910318,,pong,operator,1,0,
37.977,49.0,7.71945593937811,,pong,operator,1,0,
38.218,43.0,7.858116822750856,,pong,operator,1,0,
38.483,55.0,8.83402513014311,,pong,operator,1,0,
38.705,30.0,7.575618786607468,,pong,operator,0.975,0,
38.959,31.0,7.727224598780599,,pong,operator,1,0,
39.205,35.0,7.7412854229772465,,pong,operator,1,0,
39.465,33.0,7.707788269017254,,pong,operator,1,0,
39.71,40.0,7.7192940091694915,,pong,operator,1,0,
39.965,34.0,7.22132259354199,,pong,operator,1,0,
40.206,36.0,7.19357352085874,,pong,operator,1,0,
40.466,37.0,7.178265807282425,,pong,operator,1,0,
40.756,78.0,11.329055565226962,,pong,operator,1,0,
40.941,15.0,12.499899999599997,,pong,operator,0.86,0,
41.207,28.0,12.407558180399558,,pong,operator,1,0,
41.443,21.0,12.979214151866051,,pong,operator,1,0,
41.707,31.0,13.06330739131557,,pong,operator,1,0,
42.001,75.0,15.337780152290618,,pong,operator,1,0,
42.193,18.0,16.004608711243147,,pong,operator,0.875,0,
42.443,18.0,16.508406949188043,,pong,operator,1,0,
42.694,16.0,16.968426562295043,,pong,operator,1,0,
42.948,21.0,17.005513811702368,,pong,operator,1,0,
43.194,17.0,17.316105220285536,,pong,operator,1,0,
43.465,33.0,16.596008556276416,,pong,operator,1,0,
43.711,32.0,16.587570647927922,,pong,operator,1,0,
44.006,77.0,19.209047347539126,,pong,operator,1,0,
44.199,20.0,19.47562579225633,,pong,operator,0.865,0,
44.508,76.0,21.513426040498523,,pong,operator,1,0,
44.709,29.0,21.548549835197726,,pong,operator,0.87,0,
45.004,75.0,23.18679581140956,,pong,operator,1,0,
45.193,23.0,23.40512764331782,,pong,operator,0.875,0,
45.517,88.0,25.910374370124412,,pong,operator,1,0,
45.686,15.0,24.85236407265916,,pong,operator,0.81,0,
45.937,15.0,24.85236407265916,,pong,operator,1,0,
46.205,30.0,24.822368944160022,,pong,operator,1,0,
46.474,50.0,24.72139761421267,,pong,operator,1,0,
46.687,14.0,25.23271685728669,,pong,operator,1,0,
47.012,86.0,26.155831089835395,,pong,operator,1,0,
47.211,35.0,25.776927667974707,,pong,operator,0.8200000000000001,0,
47.474,45.0,25.371785510680947,,pong,operator,1,0,
47.709,32.0,24.854124406222805,,pong,operator,1,0,
47.98,54.0,24.588818597077818,,pong,operator,1,0,
48.19,15.0,24.695343690663634,,pong,operator,0.98,0,
48.438,19.0,25.140604606890424,,pong,operator,1,0,
48.697,15.0,25.727951725700983,,pong,operator,1,0,
48.96,31.0,24.397284684980825,,pong,operator,1,0,
49.209,32.0,24.084175302467802,,pong,operator,1,0,
49.543,113.0,27.96712355606132,,pong,operator,1,0,
49.695,15.0,28.42516490717336,,pong,operator,0.685,0,
49.98,52.0,27.438066622850815,,pong,operator,1,0,
50.211,31.0,27.260365001224763,,pong,operator,0.99,0,
50.473,43.0,24.907629353272462,,pong,operator,1,0,
50.705,28.0,24.488517717493643,,pong,operator,1,0,
50.976,41.0,23.930054325053252,,pong,operator,1,0,
51.204,28.0,23.97180635663487,,pong,operator,1,0,
51.465,35.0,23.848689691469428,,pong,operator,1,0,
51.748,77.0,24.59324094136436,,pong,operator,1,0,
51.937,15.0,22.962142757155743,,pong,operator,0.865,0,
52.192,23.0,23.1831835605035,,pong,operator,1,0,
52.436,16.0,23.55392748566574,,pong,operator,1,0,
52.769,97.0,27.038860922753386,,pong,operator,1,0,
52.941,18.0,27.17830016759694,,pong,operator,0.765,0,
53.272,96.0,29.504025149121603,,pong,operator,1,0,
53.443,17.0,29.582553980344564,,pong,operator,0.77,0,
53.693,21.0,29.345314787883943,,pong,operator,1,0,
53.963,39.0,29.254529563812852,,pong,operator,1,0,
54.186,16.0,29.727890944364013,,pong,operator,1,0,
54.447,23.0,24.918818190275395,,pong,operator,1,0,
54.713,31.0,24.466865348875405,,pong,operator,1,0,
55.001,69.0,25.24400919030097,,pong,operator,1,0,
55.256,76.0,26.477301599672124,,pong,operator,0.905,0,
55.473,49.0,26.538415551799623,,pong,operator,0.87,0,
55.698,18.0,26.8661031785408,,pong,operator,1,0,
55.967,37.0,26.87466278858211,,pong,operator,1,0,
56.214,34.0,26.7717668449432,,pong,operator,1,0,
56.465,34.0,26.782643633517583,,pong,operator,1,0,
56.697,18.0,25.80944594523486,,pong,operator,1,0,
56.988,61.0,25.764850086891638,,pong,operator,1,0,
57.19,16.0,26.034784423920243,,pong,operator,0.945,0,
57.466,40.0,25.480384612481814,,pong,operator,1,0,
57.723,38.0,21.937353988118076,,pong,operator,1,0,
57.968,43.0,21.495580941207425,,pong,operator,1,0,
58.242,62.0,17.958006570886425,,pong,operator,1,0,
58.485,55.0,17.73978579352073,,pong,operator,0.94,0,
58.716,33.0,17.318775938270004,,pong,operator,0.975,0,
59.01,79.0,19.327182929749487,,pong,operator,1,0,
59.227,47.0,18.43441075814467,,pong,operator,0.855,0,
59.464,34.0,17.983603643319096,,pong,operator,1,0,
59.699,19.0,18.587361297397756,,pong,operator,1,0,
59.968,36.0,17.65637278718367,,pong,operator,1,0,
60.243,63.0,16.578902255577717,,pong,operator,1,0,
60.467,37.0,16.488177582740914,,pong,operator,0.935,0,
60.698,19.0,16.422164899914993,,pong,operator,1,0,
60.962,30.0,16.56170281100346,,pong,operator,1,0,
61.209,29.0,16.686146948891466,,pong,operator,1,0,
61.472,44.0,16.659156641318912,,pong,operator,1,0,
61.708,29.0,16.090680532531866,,pong,operator,1,0,
61.957,31.0,15.516442891333051,,pong,operator,1,0,
62.206,29.0,14.786057621962657,,pong,operator,1,0,
62.458,32.0,14.884471774302238,,pong,operator,1,0,
62.753,77.0,16.974687036879352,,pong,operator,1,0,
62.96,35.0,17.026450011673013,,pong,operator,0.865,0,
63.214,41.0,16.332406436284884,,pong,operator,1,0,
63.458,38.0,15.96527481755325,,pong,operator,1,0,
63.686,15.0,16.770807970995314,,pong,operator,1,0,
63.952,32.0,13.943726187787828,,pong,operator,1,0,
64.245,65.0,15.162041419281243,,pong,operator,1,0,
64.476,46.0,15.27833433329694,,pong,operator,0.925,0,
64.716,36.0,14.695577566057079,,pong,operator,1,0,
65.014,84.0,17.743731287415283,,pong,operator,1,0,
65.216,34.0,17.02432083814212,,pong,operator,0.83,0,
65.509,79.0,19.094174504282712,,pong,operator,1,0,
65.686,16.0,19.27926347140886,,pong,operator,0.855,0,
65.953,25.0,19.453213102210132,,pong,operator,1,0,
66.214,31.0,19.397100298755998,,pong,operator,1,0,
66.497,67.0,20.20866150936276,,pong,operator,1,0,
66.765,92.0,22.680112433583748,,pong,operator,0.915,0,
66.962,32.0,22.649724060129298,,pong,operator,0.79,0,
67.247,77.0,23.328308982864574,,pong,operator,1,0,
67.459,36.0,23.209696249628085,,pong,operator,0.865,0,
67.72,37.0,22.32241026412694,,pong,operator,1,0,
67.961,38.0,22.258650003987213,,pong,operator,1,0,
68.218,35.0,22.364872009470567,,pong,operator,1,0,
68.46,37.0,22.38325266801052,,pong,operator,1,0,
68.719,36.0,21.388957431347606,,pong,operator,1,0,
68.967,44.0,21.133563353112034,,pong,operator,1,0,
69.224,41.0,20.775646801002367,,pong,operator,1,0,
69.463,39.0,20.834106652314134,,pong,operator,1,0,
69.709,29.0,21.053443898801927,,pong,operator,1,0,
69.953,33.0,19.240322242623694,,pong,operator,1,0,
70.187,16.0,20.039960079800558,,pong,operator,1,0,
70.461,35.0,18.186808406094787,,pong,operator,1,0,
70.702,18.0,18.06073088222069,,pong,operator,1,0,
70.955,30.0,17.88651726860207,,pong,operator,1,0,
71.203,26.0,18.04688338744394,,pong,operator,1,0,
71.465,40.0,16.945427111760857,,pong,operator,1,0,
71.714,45.0,11.868445559549913,,pong,operator,1,0,
71.968,42.0,11.891593669479294,,pong,operator,1,0,
72.2,18.0,8.30587141725659,,pong,operator,1,0,
72.464,38.0,8.344309438174019,,pong,operator,1,0,
72.705,29.0,8.375410437703934,,pong,operator,1,0,
72.946,20.0,8.794742747801097,,pong,operator,1,0,
73.252,79.0,13.419668401268341,,pong,operator,1,0,
73.443,16.0,14.011067054296756,,pong,operator,0.855,0,
73.761,80.0,17.273968854898403,,pong,operator,1,0,
73.947,18.0,17.590906741836818,,pong,operator,0.85,0,
74.225,45.0,17.685021911210626,,pong,operator,1,0,
74.472,39.0,17.68502191121063,,pong,operator,1,0,
74.752,71.0,19.292226413765725,,pong,operator,1,0,
74.963,39.0,19.275891678467172,,pong,operator,0.895,0,
75.234,54.0,18.962858434318388,,pong,operator,1,0,
75.513,84.0,21.296654666871977,,pong,operator,0.98,0,
75.737,68.0,21.320119605668257,,pong,operator,0.83,0,
75.971,40.0,21.10088860688099,,pong,operator,0.91,0,
76.244,60.0,20.90663770193572,,pong,operator,1,0,
76.526,103.0,24.21239352067449,,pong,operator,0.95,0,
76.735,52.0,24.19684896840909,,pong,operator,0.735,0,
76.95,31.0,24.489997958350262,,pong,operator,0.99,0,
77.195,25.0,24.088327048593477,,pong,operator,1,0,
77.49,70.0,24.329560209753073,,pong,operator,1,0,
77.708,37.0,24.025975526500478,,pong,operator,0.9,0,
77.973,39.0,23.118174668429166,,pong,operator,1,0,
78.208,37.0,22.515328112199473,,pong,operator,1,0,
78.464,31.0,21.58767009197611,,pong,operator,1,0,
78.756,79.0,21.52184936291489,,pong,operator,1,0,
78.956,30.0,20.74391477036097,,pong,operator,0.855,0,
79.203,27.0,21.39532659250613,,pong,operator,1,0,
79.465,38.0,21.423993558624872,,pong,operator,1,0,
79.701,29.0,21.394567067365493,,pong,operator,1,0,
79.974,47.0,21.284912496883795,,pong,operator,1,0,
80.202,28.0,21.73217660520915,,pong,operator,1,0,
80.466,39.0,20.13330573949544,,pong,operator,1,0,
80.703,27.0,19.82290342003411,,pong,operator,1,0,
80.966,39.0,19.83280111330722,,pong,operator,1,0,
81.216,44.0,19.466381276446835,,pong,operator,1,0,
81.466,39.0,13.672600337902077,,pong,operator,1,0,
81.701,18.0,14.107090415815732,,pong,operator,1,0,
81.966,39.0,14.024621207005914,,pong,operator,1,0,
82.205,22.0,14.179121975637278,,pong,operator,1,0,
82.512,84.0,15.975841135915191,,pong,operator,1,0,
82.692,21.0,16.432513502200447,,pong,operator,0.83,0,
82.948,20.0,16.881646839097183,,pong,operator,1,0,
83.212,31.0,16.930445948054647,,pong,operator,1,0,
83.701,277.0,54.98536168836212,,pong,operator,1,0,
83.766,92.0,55.41252114820259,,pong,operator,0.25,0,
83.952,31.0,55.3953066604022,,pong,operator,0.79,0,
84.234,63.0,55.21630194064068,,pong,operator,1,0,
84.486,56.0,55.13719252918124,,pong,operator,0.935,0,
84.731,61.0,54.90163931978717,,pong,operator,0.97,0,
84.985,63.0,54.91183843216325,,pong,operator,0.945,0,
85.206,32.0,54.821437412749404,,pong,operator,0.935,0,
85.472,42.0,54.781817238934295,,pong,operator,1,0,
85.71,37.0,54.56874105199789,,pong,operator,1,0,
85.955,33.0,54.67529149442186,,pong,operator,1,0,
86.218,38.0,54.752602677863635,,pong,operator,1,0,
86.495,65.0,54.66706046606128,,pong,operator,1,0,
86.708,36.0,54.17589408583859,,pong,operator,0.925,0,
87.022,91.0,54.48933381864748,,pong,operator,1,0,
87.258,83.0,53.9959257722284,,pong,operator,0.795,0,
87.538,114.0,54.97190191361401,,pong,operator,0.835,0,
87.691,16.0,55.17923069416607,,pong,operator,0.6799999999999999,0,
87.971,36.0,54.64821589036554,,pong,operator,1,0,
88.275,101.0,54.6097747660618,,pong,operator,1,0,
88.439,15.0,27.860141779969464,,pong,operator,0.745,0,
88.757,82.0,27.279800219209818,,pong,operator,1,0,
88.956,31.0,27.279800219209818,,pong,operator,0.84,0,
89.215,38.0,27.445400343226915,,pong,operator,1,0,
89.509,82.0,28.140007107319644,,pong,operator,1,0,
89.796,116.0,31.139163444126112,,pong,operator,0.84,0,
90.019,89.0,31.873617617082626,,pong,operator,0.6699999999999999,0,
90.221,40.0,31.58302550421666,,pong,operator,0.8049999999999999,0,
90.473,43.0,31.55645734235705,,pong,operator,1,0,
90.743,62.0,31.140769097759936,,pong,operator,1,0,
90.967,36.0,31.014673946375773,,pong,operator,0.94,0,
91.462,283.0,57.06967233128292,,pong,operator,1,0,
91.54,113.0,57.690792159581235,,pong,operator,0.25,0,
91.786,110.0,57.420793272123994,,pong,operator,0.685,0,
92.006,81.0,57.3580639491955,,pong,operator,0.7,0,
92.283,110.0,57.76322359425589,,pong,operator,0.845,0,
92.498,73.0,57.24183347867187,,pong,operator,0.7,0,
92.788,112.0,55.86257691872082,,pong,operator,0.885,0,
92.991,65.0,55.002636300453815,,pong,operator,0.69,0,
93.257,82.0,54.866451498160515,,pong,operator,0.925,0,
93.452,31.0,53.97636056645538,,pong,operator,0.84,0,
93.705,34.0,55.065846947086904,,pong,operator,1,0,
94.031,111.0,54.14653728540727,,pong,operator,1,0,
94.495,314.0,72.37283675523574,,pong,operator,0.6950000000000001,0,
94.524,94.0,72.27618902515545,,pong,operator,0,0,
94.737,58.0,72.73614988435942,,pong,operator,0.78,0,
95.024,96.0,72.7134100424399,,pong,operator,0.96,0,
95.277,98.0,71.51300581013219,,pong,operator,0.77,0,
95.499,68.0,70.7145494223077,,pong,operator,0.76,0,
95.749,65.0,70.63363221582195,,pong,operator,0.91,0,
96.103,171.0,70.48295893334786,,pong,operator,0.925,0,
96.465,284.0,70.60701098332942,,pong,operator,0.25,0,
96.504,73.0,71.0165473674974,,pong,operator,0.25,0,
96.735,65.0,71.58063634810745,,pong,operator,0.885,0,
96.967,34.0,73.06154939501351,,pong,operator,0.925,0,
97.303,121.0,73.16178989062527,,pong,operator,1,0,
97.74,309.0,85.45868885022752,,pong,operator,0.645,0,
97.954,276.0,92.43293514759769,,pong,operator,0,0,
97.988,60.0,92.59460027453005,,pong,operator,0.25,0,
98.223,44.0,93.78224778709453,,pong,operator,0.95,0,
98.458,38.0,93.46083404292945,,pong,operator,1,0,
98.749,67.0,92.19929500815068,,pong,operator,1,0,
98.957,36.0,94.0885088626661,,pong,operator,0.915,0,
99.206,26.0,84.6376246122255,,pong,operator,1,0,
99.46,31.0,86.11620056644394,,pong,operator,1,0,
99.7,20.0,87.45278726261387,,pong,operator,1,0,
99.96,28.0,88.81841025373062,,pong,operator,1,0,
100.214,31.0,89.92512162905314,,pong,operator,1,0,
100.488,56.0,90.12539875085157,,pong,operator,1,0,
100.758,59.0,90.22387433490098,,pong,operator,0.97,0,
100.992,72.0,88.42143405306204,,pong,operator,0.955,0,
101.229,46.0,76.2131222297053,,pong,operator,0.89,0,
101.51,80.0,76.2210436821748,,pong,operator,1,0,
101.705,26.0,76.94608502061686,,pong,operator,0.85,0,
101.976,44.0,76.7232037912912,,pong,operator,1,0,
102.194,25.0,76.60424270234644,,pong,operator,1,0,
102.468,36.0,53.36803818766433,,pong,operator,1,0,
102.717,34.0,16.82104336835263,,pong,operator,1,0,
102.962,39.0,16.373454125504487,,pong,operator,1,0,
103.215,35.0,16.43312204056186,,pong,operator,1,0,
103.472,52.0,16.568871416001755,,pong,operator,1,0,
103.711,29.0,15.769828787910159,,pong,operator,0.99,0,
103.964,32.0,15.847633892792954,,pong,operator,1,0,
104.226,48.0,15.59575262691737,,pong,operator,1,0,
104.459,35.0,15.489593280651366,,pong,operator,1,0,
104.717,38.0,14.72710086880646,,pong,operator,1,0,
104.949,29.0,14.680258853303643,,pong,operator,1,0,
105.197,21.0,15.21709564930181,,pong,operator,1,0,
105.454,21.0,15.49346636489072,,pong,operator,1,0,
105.74,64.0,15.833824553783586,,pong,operator,1,0,
105.987,57.0,14.623525566702442,,pong,operator,0.9299999999999999,0,
106.209,31.0,14.658103560829415,,pong,operator,0.965,0,
106.488,55.0,11.897373659762058,,pong,operator,1,0,
106.706,35.0,11.61895003862225,,pong,operator,0.975,0,
106.983,62.0,12.696062381699296,,pong,operator,1,0,
107.201,31.0,12.432216214336043,,pong,operator,0.94,0,
107.495,75.0,14.639928278512842,,pong,operator,1,0,
107.737,58.0,14.984241722556401,,pong,operator,0.875,0,
107.983,51.0,15.078046955756571,,pong,operator,0.96,0,
108.201,32.0,15.171025014810304,,pong,operator,0.995,0,
108.466,37.0,15.068095433730168,,pong,operator,1,0,
108.691,19.0,15.647603650399635,,pong,operator,1,0,
108.936,17.0,16.42741610844505,,pong,operator,1,0,
109.233,64.0,17.13300907604966,,pong,operator,1,0,
109.437,16.0,17.97852886083842,,pong,operator,0.9299999999999999,0,
109.768,98.0,21.87069957728833,,pong,operator,1,0,
109.999,79.0,22.887278125631276,,pong,operator,0.76,0,
110.199,16.0,23.185987147412984,,pong,operator,0.855,0,
110.45,29.0,22.819070971448422,,pong,operator,1,0,
110.733,63.0,22.781297153586316,,pong,operator,1,0,
110.941,19.0,23.382204772005565,,pong,operator,0.935,0,
111.252,81.0,24.468908843673432,,pong,operator,1,0,
111.441,18.0,25.17141235608364,,pong,operator,0.845,0,
111.715,32.0,25.239403717203782,,pong,operator,1,0,
111.982,61.0,25.206348406701036,,pong,operator,1,0,
112.222,37.0,25.075685434300695,,pong,operator,0.945,0,
112.469,50.0,24.160453224225744,,pong,operator,1,0,
112.734,61.0,24.256957764732164,,pong,operator,1,0,
112.994,62.0,24.532580377938235,,pong,operator,0.945,0,
113.213,39.0,24.400614746354243,,pong,operator,0.94,0,
113.467,48.0,24.340244452346816,,pong,operator,1,0,
113.735,50.0,23.581772622090988,,pong,operator,1,0,
113.957,34.0,22.777785230351085,,pong,operator,1,0,
114.226,42.0,22.500833317901808,,pong,operator,1,0,
114.46,36.0,21.535726131245262,,pong,operator,1,0,
114.718,33.0,18.38069639594757,,pong,operator,1,0,
115.067,143.0,27.444671613994583,,pong,operator,1,0,
115.255,82.0,27.40255462543593,,pong,operator,0.5349999999999999,0,
115.468,33.0,27.25545816896131,,pong,operator,0.84,0,
115.711,37.0,27.281678833972077,,pong,operator,1,0,
115.986,53.0,26.346536774308685,,pong,operator,1,0,
116.209,36.0,25.652046701969027,,pong,operator,0.985,0,
116.471,37.0,24.811489274124597,,pong,operator,1,0,
116.71,37.0,24.650507094175566,,pong,operator,1,0,
116.974,41.0,24.611938160169345,,pong,operator,1,0,
117.192,19.0,25.37178551068095,,pong,operator,1,0,
117.504,79.0,26.221937380750497,,pong,operator,1,0,
117.69,15.0,27.165419194262398,,pong,operator,0.855,0,
118.026,103.0,29.59776173969917,,pong,operator,1,0,
118.247,76.0,30.015162834807345,,pong,operator,0.735,0,
118.436,16.0,31.006289684514012,,pong,operator,0.87,0,
118.749,78.0,31.596677040473736,,pong,operator,1,0,
119.012,79.0,31.87142136773947,,pong,operator,0.86,0,
119.247,77.0,32.13798375754148,,pong,operator,0.855,0,
119.468,37.0,32.10837118260594,,pong,operator,0.865,0,
119.705,34.0,32.073976990700736,,pong,operator,1,0,
119.968,37.0,25.219238687954082,,pong,operator,1,0,
120.212,42.0,24.1911140710799,,pong,operator,1,0,
120.473,42.0,23.98515165680634,,pong,operator,1,0,
120.707,36.0,24.010622649152605,,pong,operator,1,0,
120.969,38.0,24.09870328461679,,pong,operator,1,0,
121.21,39.0,24.033102171796294,,pong,operator,1,0,
121.481,50.0,23.8995292840675,,pong,operator,1,0,
121.726,55.0,23.778719477717885,,pong,operator,1,0,
121.985,54.0,23.710967926257247,,pong,operator,0.975,0,
122.211,40.0,22.747032773528947,,pong,operator,0.98,0,
122.472,41.0,21.930515269824376,,pong,operator,1,0,
122.759,90.0,22.130521909796887,,pong,operator,1,0,
122.998,68.0,19.329963786825882,,pong,operator,0.8,0,
123.254,85.0,19.989747372090523,,pong,operator,0.91,0,
123.439,19.0,19.729356299687023,,pong,operator,0.825,0,
123.764,88.0,20.4926206230438,,pong,operator,1,0,
123.967,38.0,19.782568084048137,,pong,operator,0.81,0,
124.222,53.0,18.844362552232962,,pong,operator,1,0,
124.525,96.0,21.16335275895575,,pong,operator,0.985,0,
124.734,54.0,20.745782703961787,,pong,operator,0.77,0,
124.986,56.0,20.412251223223763,,pong,operator,0.98,0,
125.227,57.0,20.224922743981,,pong,operator,0.97,0,
125.488,58.0,20.01218378888221,,pong,operator,0.965,0,
125.751,80.0,20.138209950241357,,pong,operator,0.96,0,
126.03,96.0,21.204421708690855,,pong,operator,0.85,0,
126.199,30.0,21.751781536232844,,pong,operator,0.77,0,
126.516,94.0,22.78903244984306,,pong,operator,1,0,
126.743,73.0,22.826519664635693,,pong,operator,0.78,0,
126.976,48.0,22.988257872226853,,pong,operator,0.885,0,
127.246,75.0,22.48215959377568,,pong,operator,1,0,
127.466,37.0,22.710955506098813,,pong,operator,0.875,0,
127.709,40.0,22.54523231195456,,pong,operator,1,0,
127.966,38.0,23.103841671895175,,pong,operator,1,0,
128.206,27.0,23.514410475280894,,pong,operator,1,0,
128.472,48.0,21.913694348511843,,pong,operator,1,0,
128.789,120.0,24.913650876577684,,pong,operator,1,0,
128.956,37.0,24.960518824735995,,pong,operator,0.65,0,
129.215,36.0,25.497058653891827,,pong,operator,1,0,
129.453,27.0,25.05688528129544,,pong,operator,1,0,
129.713,35.0,25.49195951667898,,pong,operator,1,0,
130.009,85.0,26.285880240159354,,pong,operator,1,0,
130.229,51.0,26.31895704620531,,pong,operator,0.825,0,
130.508,76.0,26.65196990843266,,pong,operator,0.995,0,
130.739,70.0,26.3197169437667,,pong,operator,0.87,0,
130.97,41.0,24.95475906515629,,pong,operator,0.9,0,
131.202,32.0,24.860611416455548,,pong,operator,1,0,
131.489,59.0,23.194557551287758,,pong,operator,1,0,
131.718,48.0,22.73873347396464,,pong,operator,0.955,0,
131.973,43.0,22.803234419704587,,pong,operator,1,0,
132.206,28.0,22.65590430770751,,pong,operator,1,0,
132.621,192.0,38.34093765154942,,pong,operator,1,0,
132.736,56.0,38.15163823481241,,pong,operator,0.25,0,
132.983,53.0,37.90857422800283,,pong,operator,0.97,0,
133.24,57.0,37.23184121152216,,pong,operator,0.985,0,
133.469,46.0,37.265802017399274,,pong,operator,0.965,0,
133.848,166.0,42.03676961898951,,pong,operator,1,0,
133.971,49.0,41.7618246727798,,pong,operator,0.25,0,
134.222,37.0,41.73065420047953,,pong,operator,1,0,
134.47,48.0,41.082112896003785,,pong,operator,1,0,
134.702,19.0,41.78109620390543,,pong,operator,1,0,
134.945,22.0,42.359503066018135,,pong,operator,1,0,
135.219,36.0,42.63789394423698,,pong,operator,1,0,
135.461,39.0,42.65849856710852,,pong,operator,1,0,
135.753,76.0,42.76946925085698,,pong,operator,1,0,
135.952,32.0,42.98592792996332,,pong,operator,0.87,0,
136.229,51.0,42.63364281878808,,pong,operator,1,0,
136.456,37.0,42.87292269020156,,pong,operator,0.995,0,
136.741,62.0,42.83862159313719,,pong,operator,1,0,
136.944,23.0,43.39409522043293,,pong,operator,0.94,0,
137.214,36.0,43.166277347021726,,pong,operator,1,0,
137.457,38.0,30.14178992694362,,pong,operator,1,0,
137.714,36.0,30.229579884609706,,pong,operator,1,0,
137.952,21.0,30.77251208465114,,pong,operator,1,0,
138.214,36.0,30.756300167607936,,pong,operator,1,0,
138.46,41.0,30.771537173173524,,pong,operator,1,0,
138.78,111.0,20.650665848829185,,pong,operator,1,0,
138.981,59.0,20.921281031523858,,pong,operator,0.6950000000000001,0,
139.215,42.0,20.87791895759728,,pong,operator,0.955,0,
139.442,18.0,21.54965196934744,,pong,operator,1,0,
139.721,35.0,20.97969256209442,,pong,operator,1,0,
139.961,36.0,20.51066795596867,,pong,operator,1,0,
140.219,33.0,20.574012734515357,,pong,operator,1,0,
140.465,41.0,20.55869645673091,,pong,operator,1,0,
140.73,46.0,19.157505056765615,,pong,operator,1,0,
140.976,52.0,19.147062437878038,,pong,operator,1,0,
141.224,40.0,19.058528274764555,,pong,operator,0.99,0,
141.473,47.0,19.04803139434624,,pong,operator,1,0,
141.701,31.0,18.667886864881094,,pong,operator,1,0,
141.997,72.0,19.33513641017306,,pong,operator,1,0,
142.239,58.0,19.49942306838846,,pong,operator,0.89,0,
142.465,42.0,19.45064266290449,,pong,operator,0.96,0,
142.715,33.0,19.529720940146586,,pong,operator,1,0,
142.963,41.0,18.788560349318942,,pong,operator,1,0,
143.223,42.0,18.678865061882107,,pong,operator,1,0,
143.463,42.0,18.666748511725334,,pong,operator,1,0,
143.717,36.0,11.336225121265016,,pong,operator,1,0,
143.954,32.0,10.864966635935888,,pong,operator,1,0,
144.217,34.0,10.965742108950037,,pong,operator,1,0,
144.452,30.0,10.001374905481747,,pong,operator,1,0,
144.726,44.0,9.916652661054536,,pong,operator,1,0,
144.957,37.0,9.890778533563472,,pong,operator,1,0,
145.204,33.0,9.890778533563472,,pong,operator,1,0,
145.459,40.0,9.896464014990405,,pong,operator,1,0,
145.713,36.0,9.914131328563284,,pong,operator,1,0,
145.947,23.0,10.326059267697431,,pong,operator,1,0,
146.21,33.0,10.426408777714405,,pong,operator,1,0,
146.453,27.0,10.597641246994542,,pong,operator,1,0,
146.718,41.0,10.476640682967036,,pong,operator,1,0,
146.974,54.0,8.086408349817612,,pong,operator,1,0,
147.207,30.0,6.80808343074613,,pong,operator,0.98,0,
147.452,27.0,6.984804936431654,,pong,operator,1,0,
147.77,95.0,14.63992827851284,,pong,operator,1,0,
147.986,66.0,15.792086625902225,,pong,operator,0.775,0,
148.232,59.0,16.320156249252026,,pong,operator,0.92,0,
148.46,30.0,16.490224376884626,,pong,operator,0.955,0,
148.702,31.0,16.591865476793142,,pong,operator,1,0,
149.044,113.0,22.832597311738322,,pong,operator,1,0,
149.211,41.0,22.727736358907368,,pong,operator,0.685,0,
149.469,39.0,22.524375685021774,,pong,operator,1,0,
149.703,32.0,22.70082597616219,,pong,operator,1,0,
149.986,55.0,22.748351588631646,,pong,operator,1,0,
150.209,39.0,22.624046941252576,,pong,operator,0.975,0,
150.617,186.0,37.991150285296705,,pong,operator,1,0,
150.719,48.0,37.814646633282194,,pong,operator,0.25,0,
151.292,368.0,77.67309701563342,,pong,operator,1,0,
151.33,158.0,79.39803209148197,,pong,operator,0,0,
151.482,63.0,78.6497774949173,,pong,operator,0.25,0,
151.705,31.0,78.9195001251275,,pong,operator,0.935,0,
151.959,34.0,79.34599863887277,,pong,operator,1,0,
152.199,21.0,79.63767952420511,,pong,operator,1,0,
152.509,83.0,78.81776449506799,,pong,operator,1,0,
152.765,92.0,78.79116384468502,,pong,operator,0.835,0,
152.956,35.0,79.3434937471246,,pong,operator,0.79,0,
153.209,38.0,79.72469818067673,,pong,operator,1,0,
153.453,32.0,79.66710425263365,,pong,operator,1,0,
153.709,35.0,79.55644222814392,,pong,operator,1,0,
153.973,37.0,79.56838253980031,,pong,operator,1,0,
154.213,39.0,79.6102223335672,,pong,operator,1,0,
154.471,35.0,79.70098807417634,,pong,operator,1,0,
154.713,39.0,79.53514946236037,,pong,operator,1,0,
154.964,28.0,80.06339675532134,,pong,operator,1,0,
155.195,21.0,80.52966844585914,,pong,operator,1,0,
155.483,46.0,76.2110720302503,,pong,operator,1,0,
155.704,30.0,76.50220585055048,,pong,operator,1,0,
155.97,34.0,31.190503362401834,,pong,operator,1,0,
156.224,39.0,17.86728854639114,,pong,operator,1,0,
156.452,27.0,17.325126262166172,,pong,operator,1,0,
156.71,39.0,17.232527382830416,,pong,operator,1,0,
156.986,66.0,18.137254478007414,,pong,operator,1,0,
157.204,34.0,17.642207911709914,,pong,operator,0.92,0,
157.444,16.0,15.687255974197656,,pong,operator,1,0,
157.695,15.0,10.615436872781073,,pong,operator,1,0,
158.011,83.0,15.024230429542806,,pong,operator,1,0,
158.207,27.0,15.165421194282736,,pong,operator,0.835,0,
158.493,65.0,16.37643123516232,,pong,operator,1,0,
158.746,69.0,17.71291901409816,,pong,operator,0.925,0,
158.976,54.0,17.980823117977664,,pong,operator,0.905,0,
159.208,36.0,18.003541318307352,,pong,operator,0.98,0,
159.508,84.0,20.320925175788624,,pong,operator,1,0,
159.708,33.0,20.415925156602626,,pong,operator,0.83,0,
159.962,36.0,20.209156340629363,,pong,operator,1,0,
160.251,77.0,20.877020860266438,,pong,operator,1,0,
160.445,23.0,21.443588785462193,,pong,operator,0.865,0,
160.704,33.0,21.352985739703943,,pong,operator,1,0,
160.961,36.0,21.30821437849732,,pong,operator,1,0,
161.272,99.0,24.319539469323836,,pong,operator,1,0,
161.459,36.0,24.015567867531264,,pong,operator,0.755,0,
161.762,85.0,25.211654051251774,,pong,operator,1,0,
162.001,78.0,25.714733131028215,,pong,operator,0.825,0,
162.215,40.0,25.549706456239374,,pong,operator,0.86,0,
162.442,14.0,25.691000369779296,,pong,operator,1,0,
162.717,39.0,24.507702870730252,,pong,operator,1,0,
163.006,78.0,24.217555615709855,,pong,operator,1,0,
163.222,45.0,23.594490882407275,,pong,operator,0.86,0,
163.475,51.0,23.435229890060814,,pong,operator,1,0,
163.778,102.0,25.613424214657442,,pong,operator,0.995,0,
163.945,23.0,26.486600385855485,,pong,operator,0.74,0,
164.214,40.0,26.376883818980588,,pong,operator,1,0,
164.483,59.0,25.43476950947266,,pong,operator,1,0,
164.742,68.0,25.315805339747737,,pong,operator,0.955,0,
164.994,65.0,25.124639300893456,,pong,operator,0.91,0,
165.219,49.0,24.60950019809423,,pong,operator,0.925,0,
165.477,46.0,23.69409209064572,,pong,operator,1,0,
165.722,42.0,23.36851514324348,,pong,operator,1,0,
166.018,98.0,24.747272576993208,,pong,operator,1,0,
166.259,86.0,23.81092186371624,,pong,operator,0.76,0,
166.52,99.0,24.938474291744473,,pong,operator,0.8200000000000001,0,
166.992,321.0,62.042142935266185,,pong,operator,0.755,0,
166.992,69.0,62.030718196712826,,pong,operator,0,0,
167.238,66.0,61.62385901580653,,pong,operator,0.905,0,
167.501,77.0,60.1192772744317,,pong,operator,0.92,0,
167.711,36.0,60.21544652329666,,pong,operator,0.865,0,
167.954,30.0,61.03884009382878,,pong,operator,1,0,
168.219,45.0,61.03884009382878,,pong,operator,1,0,
168.501,76.0,60.81880876834074,,pong,operator,1,0,
168.75,75.0,60.5,,pong,operator,0.87,0,
168.966,45.0,59.76738240880223,,pong,operator,0.875,0,
169.208,36.0,59.88939806009074,,pong,operator,1,0,
169.631,210.0,66.61266771418182,,pong,operator,1,0,
169.737,67.0,66.62349435446929,,pong,operator,0.25,0,
169.994,73.0,66.54479694160918,,pong,operator,0.915,0,
170.23,60.0,66.312348020561,,pong,operator,0.885,0,
170.719,297.0,80.40485059994826,,pong,operator,0.95,0,
170.738,65.0,79.79503430665343,,pong,operator,0.25,0,
170.976,55.0,80.30466985175893,,pong,operator,0.925,0,
171.477,305.0,92.42849939277387,,pong,operator,0.975,0,
171.547,126.0,92.52302416155668,,pong,operator,0,0,
171.776,105.0,78.40784399535546,,pong,operator,0.62,0,
171.967,47.0,78.93009565431933,,pong,operator,0.725,0,
172.206,36.0,79.74402798956169,,pong,operator,1,0,
172.585,163.0,81.05701696953818,,pong,operator,1,0,
172.717,47.0,80.6735861357359,,pong,operator,0.25,0,
172.999,72.0,79.4089887859051,,pong,operator,1,0,
173.279,109.0,78.4011957816971,,pong,operator,0.89,0,
173.475,48.0,79.12551737587565,,pong,operator,0.7050000000000001,0,
173.719,43.0,79.97529305979441,,pong,operator,1,0,
173.996,71.0,79.27160588760644,,pong,operator,1,0,
174.242,67.0,78.2675539415919,,pong,operator,0.895,0,
174.466,40.0,75.39668427722799,,pong,operator,0.915,0,
174.84,155.0,76.20931701570353,,pong,operator,1,0,
174.986,61.0,76.46005493066298,,pong,operator,0.25,0,
175.233,62.0,76.41079766629845,,pong,operator,0.945,0,
175.5,79.0,61.42523911227371,,pong,operator,0.94,0,
175.711,40.0,62.12686616915422,,pong,operator,0.855,0,
175.983,62.0,61.96765285211309,,pong,operator,1,0,
176.572,401.0,79.82173889361219,,pong,operator,0.94,0,
176.572,150.0,80.50583829760423,,pong,operator,0,0,
176.719,48.0,81.0342365917024,,pong,operator,0.5,0,
177.029,101.0,80.45239275497032,,pong,operator,1,0,
177.256,86.0,79.42032170672692,,pong,operator,0.745,0,
177.498,64.0,78.11792367952441,,pong,operator,0.8200000000000001,0,
177.749,67.0,77.68403954481255,,pong,operator,0.9299999999999999,0,
177.997,67.0,77.75376196686562,,pong,operator,0.915,0,
178.226,45.0,78.26447150527498,,pong,operator,0.915,0,
178.466,45.0,78.34353834235469,,pong,operator,1,0,
178.713,34.0,78.6243441944033,,pong,operator,1,0,
178.953,32.0,79.48213635780054,,pong,operator,1,0,
179.258,81.0,79.37946837816439,,pong,operator,1,0,
179.51,89.0,78.67494836350386,,pong,operator,0.845,0,
179.709,38.0,77.8546080845572,,pong,operator,0.8049999999999999,0,
179.971,51.0,78.02365026067417,,pong,operator,1,0,
180.214,32.0,78.68125570934923,,pong,operator,0.995,0,
180.493,73.0,78.69822107265195,,pong,operator,1,0,
180.713,33.0,78.89199896060437,,pong,operator,0.885,0,
180.947,26.0,79.68768725468195,,pong,operator,1,0,
181.2,30.0,30.171841176832412,,pong,operator,1,0,
181.448,29.0,22.626256871166294,,pong,operator,1,0,
181.742,70.0,22.863234679283682,,pong,operator,1,0,
181.949,17.0,21.64595805225539,,pong,operator,0.9,0,
182.28,98.0,22.760656844651916,,pong,operator,1,0,
182.512,84.0,23.72651470401837,,pong,operator,0.76,0,
182.766,85.0,24.601778391002547,,pong,operator,0.83,0,
183.014,95.0,26.1118268223424,,pong,operator,0.825,0,
183.246,77.0,26.46785786572083,,pong,operator,0.775,0,
183.597,169.0,35.98787990421219,,pong,operator,0.865,0,
183.742,73.0,35.462515421216246,,pong,operator,0.25,0,
184.006,85.0,34.941200609023156,,pong,operator,0.885,0,
184.329,158.0,40.15270850141992,,pong,operator,0.825,0,
184.557,136.0,42.469371316279215,,pong,operator,0.25,0,
184.793,115.0,42.616428756994644,,pong,operator,0.5700000000000001,0,
185.033,106.0,42.63739555835933,,pong,operator,0.675,0,
185.255,79.0,41.223658255909314,,pong,operator,0.72,0,
185.504,84.0,41.17459775152636,,pong,operator,0.855,0,
185.778,105.0,39.81893393851724,,pong,operator,0.83,0,
185.953,34.0,39.24980891673232,,pong,operator,0.725,0,
186.201,32.0,39.10815132424441,,pong,operator,1,0,
186.502,81.0,36.85956456606616,,pong,operator,1,0,
186.714,43.0,38.01262948021355,,pong,operator,0.845,0,
186.949,29.0,36.9707992880868,,pong,operator,1,0,
187.2,29.0,39.07361641824314,,pong,operator,1,0,
187.444,22.0,41.415305141939974,,pong,operator,1,0,
187.743,72.0,41.46275437063968,,pong,operator,1,0,
187.986,65.0,41.47903084692312,,pong,operator,0.89,0,
188.21,41.0,42.32954051250734,,pong,operator,0.925,0,
188.455,36.0,37.68802860325809,,pong,operator,1,0,
188.787,116.0,38.93250569896574,,pong,operator,1,0,
188.996,75.0,38.8444333206188,,pong,operator,0.6699999999999999,0,
189.242,73.0,33.59654000042266,,pong,operator,0.875,0,
189.503,82.0,30.059066851783673,,pong,operator,0.885,0,
189.764,87.0,28.345149496871596,,pong,operator,0.84,0,
189.954,33.0,27.45887834562803,,pong,operator,0.815,0,
190.205,27.0,28.076858798661934,,pong,operator,1,0,
190.448,29.0,28.118454793960495,,pong,operator,1,0,
190.689,20.0,26.711607963580175,,pong,operator,1,0,
190.94,17.0,27.507226323277308,,pong,operator,1,0,
191.205,36.0,27.386629949667046,,pong,operator,1,0,
191.45,31.0,26.777369176227896,,pong,operator,1,0,
191.743,74.0,27.325994949864132,,pong,operator,1,0,
191.955,36.0,27.10253678163725,,pong,operator,0.88,0,
192.197,28.0,27.142218037588602,,pong,operator,1,0,
192.459,40.0,26.489431854986996,,pong,operator,1,0,
192.711,30.0,26.39810599266546,,pong,operator,1,0,
192.953,34.0,26.311356863529483,,pong,operator,1,0,
193.242,73.0,26.850093109708205,,pong,operator,1,0,
193.689,268.0,54.58431551279177,,pong,operator,0.885,0,
193.708,39.0,53.22912736462998,,pong,operator,0.25,0,
193.959,38.0,53.200446426698335,,pong,operator,1,0,
194.207,38.0,53.14696604699087,,pong,operator,1,0,
194.496,75.0,52.977613196519144,,pong,operator,1,0,
194.73,61.0,52.43498355106065,,pong,operator,0.875,0,
194.959,32.0,52.45293128129256,,pong,operator,0.945,0,
195.236,65.0,52.22604714124936,,pong,operator,1,0,
195.452,33.0,52.14057920660261,,pong,operator,0.925,0,
195.721,52.0,51.57906552080989,,pong,operator,1,0,
195.982,63.0,50.85381008341459,,pong,operator,0.99,0,
196.19,21.0,51.271312641671265,,pong,operator,0.935,0,
196.451,32.0,51.246853561950516,,pong,operator,1,0,
196.71,39.0,51.22038168541894,,pong,operator,1,0,
196.964,45.0,51.09217161170583,,pong,operator,1,0,
197.224,55.0,50.70825869619268,,pong,operator,1,0,
197.471,52.0,50.57852805291985,,pong,operator,0.975,0,
197.703,34.0,50.4781883589338,,pong,operator,0.99,0,
197.953,32.0,50.52650294647355,,pong,operator,1,0,
198.202,33.0,50.65893307206539,,pong,operator,1,0,
198.454,33.0,13.865064009949611,,pong,operator,1,0,
198.704,33.0,14.025334220616633,,pong,operator,1,0,
198.961,42.0,13.976766435767608,,pong,operator,1,0,
199.194,25.0,14.509565810181916,,pong,operator,1,0,
199.45,31.0,12.689661145988099,,pong,operator,1,0,
199.706,37.0,11.813022475217764,,pong,operator,1,0,
199.951,32.0,11.813022475217764,,pong,operator,1,0,
200.206,37.0,10.259020421073348,,pong,operator,1,0,
200.49,71.0,12.435734799359464,,pong,operator,1,0,
200.718,49.0,12.30690862889621,,pong,operator,0.895,0,
200.955,36.0,11.110693047690589,,pong,operator,1,0,
201.197,28.0,10.656453443805777,,pong,operator,1,0,
201.454,35.0,10.580524561665172,,pong,operator,1,0,
201.699,30.0,10.758717395675006,,pong,operator,1,0,
201.972,51.0,11.01635148313633,,pong,operator,1,0,
202.196,27.0,10.641428475538422,,pong,operator,0.995,0,
202.443,24.0,10.469001862641921,,pong,operator,1,0,
202.696,27.0,10.645538971794709,,pong,operator,1,0,
203.01,91.0,16.03558542741736,,pong,operator,1,0,
203.187,16.0,16.744775304553954,,pong,operator,0.795,0,
203.496,75.0,18.55336896630906,,pong,operator,1,0,
203.744,75.0,19.98117864391388,,pong,operator,0.875,0,
203.969,50.0,20.058103100742102,,pong,operator,0.875,0,
204.277,100.0,23.224771258292296,,pong,operator,1,0,
204.465,43.0,22.980644029269502,,pong,operator,0.75,0,
204.718,43.0,22.891046284519195,,pong,operator,1,0,
204.943,18.0,23.54378898988011,,pong,operator,1,0,
205.299,122.0,28.608521457775478,,pong,operator,1,0,
205.483,63.0,28.374768721524408,,pong,operator,0.64,0,
205.717,41.0,28.444463433153384,,pong,operator,0.935,0,
205.956,21.0,28.98965332666122,,pong,operator,1,0,
206.207,31.0,28.888189628289272,,pong,operator,1,0,
206.459,23.0,29.29756815846667,,pong,operator,1,0,
206.713,38.0,29.095489341133273,,pong,operator,1,0,
206.972,37.0,29.20594973631229,,pong,operator,1,0,
207.195,19.0,29.547038768715893,,pong,operator,1,0,
207.474,35.0,29.19828762102326,,pong,operator,1,0,
207.708,32.0,29.03493585320966,,pong,operator,1,0,
207.981,45.0,27.362885447262318,,pong,operator,1,0,
208.239,63.0,26.66477076593759,,pong,operator,1,0,
208.484,45.0,25.97806767255794,,pong,operator,0.935,0,
208.711,35.0,25.29150054860328,,pong,operator,1,0,
208.972,34.0,25.379913317424865,,pong,operator,1,0,
209.214,39.0,21.948291505263004,,pong,operator,1,0,
209.588,152.0,32.61993255664395,,pong,operator,1,0,
209.743,68.0,32.92791369036308,,pong,operator,0.25,0,
209.982,44.0,32.22153782798084,,pong,operator,0.91,0,
210.219,43.0,27.581515549367477,,pong,operator,1,0,
210.491,52.0,27.33363312843721,,pong,operator,1,0,
210.717,41.0,27.33363312843721,,pong,operator,0.99,0,
210.967,32.0,26.95626086830293,,pong,operator,1,0,
211.213,37.0,26.827411354806486,,pong,operator,1,0,
211.442,22.0,26.8705694022289,,pong,operator,1,0,
211.746,76.0,27.596150093808372,,pong,operator,1,0,
211.955,35.0,27.637791156313483,,pong,operator,0.87,0,
212.209,39.0,26.943412924126743,,pong,operator,1,0,
212.45,30.0,27.08985049792634,,pong,operator,1,0,
212.713,43.0,26.8661031785408,,pong,operator,1,0,
213.012,90.0,28.3037100041673,,pong,operator,1,0,
213.208,38.0,28.298188987990027,,pong,operator,0.8,0,
213.487,67.0,28.518897243757518,,pong,operator,1,0,
213.711,40.0,28.400528164102862,,pong,operator,0.915,0,
213.948,28.0,28.610487587596268,,pong,operator,1,0,
214.209,38.0,28.631931475190424,,pong,operator,1,0,
214.459,39.0,16.798511838850487,,pong,operator,1,0,
214.698,28.0,16.327584022138733,,pong,operator,1,0,
214.964,44.0,16.327584022138733,,pong,operator,1,0,
215.205,35.0,16.422849935379666,,pong,operator,1,0,
215.447,27.0,16.617686361223694,,pong,operator,1,0,
215.701,31.0,16.773416467732506,,pong,operator,1,0,
215.952,30.0,16.83233495389157,,pong,operator,1,0,
216.192,17.0,17.607597791862467,,pong,operator,1,0,
216.464,37.0,17.14467847467546,,pong,operator,1,0,
216.699,28.0,15.27939789389621,,pong,operator,1,0,
216.959,31.0,15.346009253222807,,pong,operator,1,0,
217.219,46.0,15.444335531190715,,pong,operator,1,0,
217.475,47.0,15.42919310916809,,pong,operator,1,0,
217.707,35.0,15.429193109168088,,pong,operator,1,0,
217.998,76.0,13.25481044753187,,pong,operator,1,0,
218.203,33.0,13.30140969972732,,pong,operator,0.87,0,
218.462,42.0,11.56460116043783,,pong,operator,1,0,
218.711,41.0,11.581342754620467,,pong,operator,1,0,
218.956,36.0,11.412602682999177,,pong,operator,1,0,
219.222,43.0,11.485207877961985,,pong,operator,1,0,
219.456,33.0,11.515207336387824,,pong,operator,1,0,
219.709,31.0,11.41610704224518,,pong,operator,1,0,
219.956,34.0,11.32375821006436,,pong,operator,1,0,
220.217,39.0,11.328172844726549,,pong,operator,1,0,
220.458,36.0,11.104503590885997,,pong,operator,1,0,
220.708,30.0,11.134967444945675,,pong,operator,1,0,
220.948,26.0,11.29811931252277,,pong,operator,1,0,
221.214,36.0,10.329569206893384,,pong,operator,1,0,
221.453,31.0,10.440785411069418,,pong,operator,1,0,
221.716,38.0,10.200980345045274,,pong,operator,1,0,
221.975,56.0,10.758601210194566,,pong,operator,1,0,
222.198,28.0,10.924628140124497,,pong,operator,0.97,0,
222.456,36.0,10.761040841851685,,pong,operator,1,0,
222.742,70.0,12.786223054522395,,pong,operator,1,0,
222.973,52.0,10.190559356580971,,pong,operator,0.9,0,
223.216,46.0,10.230347012687302,,pong,operator,0.99,0,
223.476,55.0,10.785522704069562,,pong,operator,1,0,
223.714,44.0,10.821275340735028,,pong,operator,0.975,0,
223.983,64.0,11.964113005150027,,pong,operator,1,0,
224.198,28.0,12.305588161481758,,pong,operator,0.9299999999999999,0,
224.484,57.0,12.665997789357142,,pong,operator,1,0,
224.713,41.0,12.422861989090919,,pong,operator,0.965,0,
224.977,51.0,12.404031602668546,,pong,operator,1,0,
225.222,50.0,12.449397575786548,,pong,operator,0.995,0,
225.518,98.0,17.0155076327449,,pong,operator,1,0,
225.755,83.0,18.266088798645427,,pong,operator,0.76,0,
225.988,66.0,17.766541588052526,,pong,operator,0.835,0,
226.206,36.0,17.766541588052526,,pong,operator,0.92,0,
226.507,85.0,18.532673849177836,,pong,operator,1,0,
226.706,36.0,18.624983221468952,,pong,operator,0.825,0,
226.951,31.0,19.282829149271638,,pong,operator,1,0,
227.206,36.0,18.841111962938918,,pong,operator,1,0,
227.471,50.0,18.44308813620973,,pong,operator,1,0,
227.696,26.0,19.012824619187967,,pong,operator,1,0,
227.968,48.0,19.03017340961453,,pong,operator,1,0,
228.235,65.0,19.20286436967152,,pong,operator,1,0,
228.502,82.0,20.251604874675984,,pong,operator,0.925,0,
228.719,49.0,20.159117044156474,,pong,operator,0.84,0,
228.941,21.0,21.25199990589121,,pong,operator,1,0,
229.256,84.0,21.59832169405762,,pong,operator,1,0,
229.457,37.0,21.931427222139465,,pong,operator,0.83,0,
229.747,78.0,22.33472632471685,,pong,operator,1,0,
229.978,57.0,22.31120794578366,,pong,operator,0.86,0,
230.232,62.0,22.305828834634234,,pong,operator,0.965,0,
230.473,53.0,20.1739311984551,,pong,operator,0.94,0,
230.749,80.0,19.969727088771144,,pong,operator,0.985,0,
231.257,334.0,64.2600186741336,,pong,operator,0.85,0,
231.278,108.0,64.41110152760935,,pong,operator,0,0,
231.468,47.0,64.53340220382,,pong,operator,0.71,0,
231.703,32.0,64.64209155032037,,pong,operator,1,0,
232.216,294.0,80.40352915139982,,pong,operator,1,0,
232.229,56.0,79.9464039216274,,pong,operator,0.25,0,
232.446,22.0,80.7557273510678,,pong,operator,0.97,0,
232.752,79.0,79.74609708318019,,pong,operator,1,0,
232.943,19.0,80.65325473903704,,pong,operator,0.855,0,
233.236,59.0,80.73058590150328,,pong,operator,1,0,
233.472,45.0,81.14715028884255,,pong,operator,0.955,0,
233.711,34.0,81.50611940216513,,pong,operator,1,0,
233.973,47.0,80.75783243747941,,pong,operator,1,0,
234.213,42.0,81.20644986699024,,pong,operator,1,0,
234.453,32.0,81.34371518439517,,pong,operator,1,0,
234.782,110.0,81.62254590491527,,pong,operator,1,0,
234.938,18.0,82.62280254263952,,pong,operator,0.7,0,
235.191,20.0,83.54787549662768,,pong,operator,1,0,
235.491,70.0,83.39028720420623,,pong,operator,1,0,
235.712,41.0,83.7618499079384,,pong,operator,0.9,0,
235.959,36.0,59.409153335155345,,pong,operator,1,0,
236.208,37.0,58.58327406350724,,pong,operator,1,0,
236.452,31.0,58.82312470449015,,pong,operator,1,0,
236.774,103.0,59.39518078093542,,pong,operator,1,0,
237.21,289.0,58.41104347638381,,pong,operator,0.735,0,
237.235,64.0,58.41309784628786,,pong,operator,0.25,0,
237.507,86.0,58.000775856879706,,pong,operator,0.9299999999999999,0,
237.737,66.0,57.8916876589377,,pong,operator,0.8200000000000001,0,
237.991,70.0,57.03858343262041,,pong,operator,0.92,0,
238.505,332.0,81.42313860322506,,pong,operator,0.9,0,
238.505,84.0,81.06010115957172,,pong,operator,0,0,
238.747,76.0,80.36672196873529,,pong,operator,0.83,0,
238.959,38.0,80.59024444683116,,pong,operator,0.87,0,
239.217,44.0,80.54146447638011,,pong,operator,1,0,
239.521,100.0,79.77585787692915,,pong,operator,1,0,
239.693,22.0,80.73801768683698,,pong,operator,0.75,0,
239.942,21.0,80.62288756922565,,pong,operator,1,0,
240.214,43.0,79.89823214564888,,pong,operator,1,0,
240.514,93.0,79.87339982747697,,pong,operator,1,0,
240.7,29.0,80.23689924218158,,pong,operator,0.785,0,
240.956,33.0,80.32775049757088,,pong,operator,1,0,
241.192,21.0,80.86029619040484,,pong,operator,1,0,
241.452,31.0,80.86029619040484,,pong,operator,1,0,
241.703,32.0,81.42794360660227,,pong,operator,1,0,
241.955,33.0,66.02870587857981,,pong,operator,1,0,
242.222,50.0,66.11928614254694,,pong,operator,1,0,
242.465,41.0,66.13885015631888,,pong,operator,1,0,
242.71,39.0,66.33807353247454,,pong,operator,1,0,
242.994,73.0,66.3602855629781,,pong,operator,1,0,
243.252,81.0,24.758029000710053,,pong,operator,0.885,0,
243.478,57.0,23.529290257039204,,pong,operator,0.845,0,
243.693,22.0,23.24064327853255,,pong,operator,0.965,0,
243.983,62.0,23.459060083473084,,pong,operator,1,0,
244.212,41.0,23.483185473866186,,pong,operator,0.94,0,
244.45,29.0,20.22195588957705,,pong,operator,1,0,
244.701,30.0,19.88586181185015,,pong,operator,1,0,
244.94,20.0,19.94241710525582,,pong,operator,1,0,
245.218,48.0,19.972168134681823,,pong,operator,1,0,
245.457,36.0,16.42071862008481,,pong,operator,1,0,
245.715,41.0,16.211107303327555,,pong,operator,1,0,
245.989,66.0,16.974318837585205,,pong,operator,1,0,
246.192,21.0,16.974318837585205,,pong,operator,0.92,0,
246.503,80.0,18.576598181583197,,pong,operator,1,0,
246.722,51.0,18.367022077625975,,pong,operator,0.85,0,
246.954,33.0,18.367022077625975,,pong,operator,0.995,0,
247.199,27.0,18.798670165732467,,pong,operator,1,0,
247.456,35.0,18.906083676954356,,pong,operator,1,0,
247.732,61.0,19.186192952224786,,pong,operator,1,0,
247.94,19.0,18.952572384771415,,pong,operator,0.945,0,
248.205,34.0,16.897558995310536,,pong,operator,1,0,
248.452,31.0,16.586967775937833,,pong,operator,1,0,
248.707,36.0,16.12908862893375,,pong,operator,1,0,
249.006,82.0,17.973522192380656,,pong,operator,1,0,
249.212,40.0,17.97498261473429,,pong,operator,0.84,0,
249.458,37.0,17.791571037994366,,pong,operator,1,0,
249.749,76.0,19.09476368012969,,pong,operator,1,0,
249.972,51.0,18.351771031701546,,pong,operator,0.87,0,
250.236,65.0,18.84648508343134,,pong,operator,0.995,0,
250.457,36.0,18.84648508343134,,pong,operator,0.925,0,
250.722,50.0,18.826776144629754,,pong,operator,1,0,
250.984,63.0,18.68261223705079,,pong,operator,1,0,
251.242,71.0,18.4604983681373,,pong,operator,0.935,0,
251.47,48.0,17.02674366988591,,pong,operator,0.895,0,
251.73,60.0,17.23622638514591,,pong,operator,1,0,
251.963,41.0,16.980209068206435,,pong,operator,0.95,0,
252.264,91.0,18.642089475163456,,pong,operator,1,0,
252.493,69.0,18.62384224589545,,pong,operator,0.795,0,
252.709,38.0,18.806647760831805,,pong,operator,0.905,0,
252.994,70.0,17.591119918868156,,pong,operator,1,0,
253.203,30.0,17.843416152743846,,pong,operator,0.9,0,
253.454,32.0,17.77948255714997,,pong,operator,1,0,
253.704,33.0,17.94512468610904,,pong,operator,1,0,
253.962,40.0,16.995514114024324,,pong,operator,1,0,
254.198,26.0,17.749014057124413,,pong,operator,1,0,
254.454,32.0,17.983047572644633,,pong,operator,1,0,
254.705,34.0,17.395401691251628,,pong,operator,1,0,
254.957,35.0,17.651062290978413,,pong,operator,1,0,
255.214,42.0,17.264052247372284,,pong,operator,1,0,
255.532,110.0,21.82630293934362,,pong,operator,1,0,
255.776,102.0,24.51382263132374,,pong,operator,0.7,0,
255.958,36.0,24.68805379125702,,pong,operator,0.74,0,
256.249,76.0,24.903564001965663,,pong,operator,1,0,
256.464,43.0,24.969981978367546,,pong,operator,0.87,0,
256.743,71.0,25.25960213463387,,pong,operator,1,0,
257.209,288.0,57.01482263411858,,pong,operator,0.895,0,
257.228,56.0,56.72325360907993,,pong,operator,0.25,0,
257.486,64.0,56.70793595256311,,pong,operator,0.97,0,
257.699,26.0,57.03078116245647,,pong,operator,0.9299999999999999,0,
258.049,125.0,58.63912942737127,,pong,operator,1,0,
258.216,44.0,58.29912091961593,,pong,operator,0.625,0,
258.458,36.0,58.189754252789214,,pong,operator,1,0,
258.7,28.0,58.34132326233268,,pong,operator,1,0,
258.972,50.0,58.161499292917135,,pong,operator,1,0,
259.22,49.0,57.57974904426035,,pong,operator,1,0,
259.5,78.0,57.037947894362404,,pong,operator,1,0,
259.702,31.0,57.135365580347866,,pong,operator,0.86,0,
259.994,70.0,56.58522333613255,,pong,operator,1,0,
260.208,35.0,56.78635399459979,,pong,operator,0.9,0,
260.457,35.0,56.55640989313236,,pong,operator,1,0,
260.709,37.0,56.32752435532739,,pong,operator,1,0,
260.994,70.0,55.97177860314964,,pong,operator,1,0,
261.205,33.0,56.35554542367591,,pong,operator,0.9,0,
261.454,32.0,56.60556509743544,,pong,operator,1,0,
261.711,42.0,56.750748893737075,,pong,operator,1,0,
261.963,37.0,22.951906238916187,,pong,operator,1,0,
262.221,47.0,22.8964516901637,,pong,operator,1,0,
262.457,35.0,22.783766150485306,,pong,operator,1,0,
262.703,31.0,22.57847426200451,,pong,operator,1,0,
262.948,25.0,14.397482418811977,,pong,operator,1,0,
263.237,65.0,15.228591530407533,,pong,operator,1,0,
263.546,126.0,23.472537144501445,,pong,operator,0.925,0,
263.705,36.0,23.198275797998438,,pong,operator,0.62,0,
264.0,79.0,24.15217381520761,,pong,operator,1,0,
264.209,38.0,24.285592436669113,,pong,operator,0.855,0,
264.446,26.0,23.83170157584221,,pong,operator,1,0,
264.713,39.0,23.634508668470346,,pong,operator,1,0,
264.957,35.0,23.150107991108808,,pong,operator,1,0,
265.257,86.0,24.65177478397854,,pong,operator,1,0,
265.458,36.0,24.626966926521828,,pong,operator,0.8200000000000001,0,
265.754,79.0,25.399360228163232,,pong,operator,1,0,
265.958,36.0,25.13021090241783,,pong,operator,0.855,0,
266.207,33.0,25.13021090241783,,pong,operator,1,0,
266.441,19.0,25.701167288666092,,pong,operator,1,0,
266.703,31.0,25.929664479125062,,pong,operator,1,0,
266.987,66.0,26.142685401465553,,pong,operator,1,0,
267.208,35.0,26.305132579023432,,pong,operator,0.92,0,
267.455,35.0,26.305132579023432,,pong,operator,1,0,
267.718,46.0,26.027821652992785,,pong,operator,1,0,
267.96,36.0,25.637667600622336,,pong,operator,1,0,
268.202,32.0,25.623182862400217,,pong,operator,1,0,
268.489,65.0,18.818607812481773,,pong,operator,1,0,
268.745,73.0,19.699936548121162,,pong,operator,0.925,0,
268.961,39.0,18.25068491865442,,pong,operator,0.885,0,
269.194,20.0,18.9664835960702,,pong,operator,1,0,
269.453,31.0,18.768057970924964,,pong,operator,1,0,
269.71,36.0,18.816149978143777,,pong,operator,1,0,
269.991,69.0,19.49942306838846,,pong,operator,1,0,
270.207,35.0,17.18836815989232,,pong,operator,0.905,0,
270.458,36.0,17.18836815989232,,pong,operator,1,0,
270.739,65.0,15.930787802240037,,pong,operator,1,0,
270.973,51.0,15.988355137411727,,pong,operator,0.925,0,
271.193,21.0,16.55438008504094,,pong,operator,0.995,0,
271.458,37.0,15.746348783130648,,pong,operator,1,0,
271.718,47.0,15.52377209314798,,pong,operator,1,0,
271.941,19.0,15.535121499363948,,pong,operator,1,0,
272.239,67.0,16.416455159382004,,pong,operator,1,0,
272.451,29.0,16.613548687742785,,pong,operator,0.915,0,
272.732,60.0,17.02762461413805,,pong,operator,1,0,
272.953,31.0,17.170541633856516,,pong,operator,0.95,0,
273.209,37.0,17.04230031421815,,pong,operator,1,0,
273.459,34.0,16.405105912489564,,pong,operator,1,0,
273.716,44.0,14.789861392183498,,pong,operator,1,0,
274.001,80.0,17.11278761628274,,pong,operator,1,0,
274.242,72.0,17.451289350646846,,pong,operator,0.85,0,
274.462,38.0,17.23484841824842,,pong,operator,0.89,0,
274.721,49.0,17.11278761628274,,pong,operator,1,0,
274.993,71.0,17.251883955093135,,pong,operator,1,0,
275.202,30.0,17.446776206508755,,pong,operator,0.895,0,
275.447,23.0,18.03572842998031,,pong,operator,1,0,
275.705,33.0,17.62746436672047,,pong,operator,1,0,
275.96,38.0,17.58408371226661,,pong,operator,1,0,
276.206,32.0,17.05131959702826,,pong,operator,1,0,
276.46,35.0,17.095247877699816,,pong,operator,1,0,
276.737,66.0,17.780326206231425,,pong,operator,1,0,
276.983,60.0,17.083544714139393,,pong,operator,0.92,0,
277.225,53.0,16.504166140705202,,pong,operator,0.95,0,
277.491,69.0,16.774608788284752,,pong,operator,0.985,0,
277.715,44.0,16.551359460781462,,pong,operator,0.905,0,
277.997,72.0,16.982343772283023,,pong,operator,1,0,
278.23,57.0,16.834488409215172,,pong,operator,0.89,0,
278.477,55.0,16.45440670458829,,pong,operator,0.965,0,
278.709,37.0,16.673631877908303,,pong,operator,0.975,0,
278.95,27.0,16.004608711243147,,pong,operator,1,0,
279.196,23.0,15.900943368240766,,pong,operator,1,0,
279.461,38.0,15.900943368240766,,pong,operator,1,0,
279.719,49.0,15.900943368240767,,pong,operator,1,0,
279.955,35.0,14.931845163944072,,pong,operator,1,0,
280.282,109.0,20.25802310197123,,pong,operator,1,0,
280.463,40.0,19.54584354792599,,pong,operator,0.7050000000000001,0,
280.705,32.0,19.586921657064952,,pong,operator,1,0,
280.963,40.0,19.53784788557839,,pong,operator,1,0,
281.238,65.0,19.455333458977258,,pong,operator,1,0,
281.457,37.0,19.381434415439948,,pong,operator,0.925,0,
281.928,257.0,49.055555240971444,,pong,operator,1,0,
281.959,38.0,49.288208529018384,,pong,operator,0.25,0,
282.198,25.0,49.82918321626394,,pong,operator,1,0,
282.442,21.0,50.36811987755747,,pong,operator,1,0,
282.7,27.0,50.68984119130776,,pong,operator,1,0,
282.996,75.0,50.746699400059505,,pong,operator,1,0,
283.208,36.0,50.8980353255408,,pong,operator,0.875,0,
283.51,87.0,51.426549563430754,,pong,operator,1,0,
283.715,42.0,51.35102238514828,,pong,operator,0.815,0,
283.966,41.0,51.05710038770318,,pong,operator,1,0,
284.242,72.0,50.5955531642851,,pong,operator,1,0,
284.466,43.0,50.506905468460445,,pong,operator,0.89,0,
284.708,33.0,50.77782488449067,,pong,operator,1,0,
284.942,20.0,51.21718461610322,,pong,operator,1,0,
285.205,30.0,50.08839685995151,,pong,operator,1,0,
285.496,73.0,50.1747944689363,,pong,operator,1,0,
285.702,29.0,50.2468655738843,,pong,operator,0.885,0,
285.938,15.0,50.89999999999999,,pong,operator,1,0,
286.208,36.0,50.95907671848069,,pong,operator,1,0,
286.451,31.0,51.063171660209264,,pong,operator,1,0,
286.701,30.0,19.782820830205182,,pong,operator,1,0,
286.951,28.0,19.957705278914208,,pong,operator,1,0,
287.205,32.0,19.7572138724062,,pong,operator,1,0,
287.452,29.0,19.446015015935785,,pong,operator,1,0,
287.705,32.0,19.303108557949933,,pong,operator,1,0,
287.953,34.0,17.658638112833053,,pong,operator,1,0,
288.208,35.0,17.667484257811015,,pong,operator,1,0,
288.442,18.0,14.294317052591216,,pong,operator,1,0,
288.709,37.0,14.215836239912162,,pong,operator,1,0,
289.19,270.0,53.2233736247525,,pong,operator,1,0,
289.216,43.0,52.89886577233958,,pong,operator,0.25,0,
289.461,38.0,52.91906556242277,,pong,operator,1,0,
289.705,32.0,52.93052049621277,,pong,operator,1,0,
289.976,54.0,52.65842762559474,,pong,operator,1,0,
290.2,30.0,52.65842762559475,,pong,operator,0.98,0,
290.467,42.0,52.304755997901374,,pong,operator,1,0,
290.697,24.0,52.39131607432667,,pong,operator,1,0,
290.964,41.0,51.96402601800595,,pong,operator,1,0,
291.214,41.0,51.92829190335457,,pong,operator,1,0,
291.439,17.0,52.21999138261132,,pong,operator,1,0,
291.736,61.0,52.201436761836355,,pong,operator,1,0,
291.987,64.0,52.139332561896104,,pong,operator,0.945,0,
292.253,80.0,52.41936665012274,,pong,operator,0.9299999999999999,0,
292.452,29.0,52.41936665012274,,pong,operator,0.85,0,
292.74,67.0,52.33667452179209,,pong,operator,1,0,
292.955,34.0,52.33667452179209,,pong,operator,0.915,0,
293.203,33.0,52.37258347647173,,pong,operator,1,0,
293.561,138.0,54.862441615371075,,pong,operator,1,0,
293.709,38.0,54.84304878469102,,pong,operator,0.56,0,
293.961,42.0,25.722363810505442,,pong,operator,1,0,
294.21,37.0,25.806782054336026,,pong,operator,1,0,
294.493,66.0,26.033632093889626,,pong,operator,1,0,
294.694,21.0,26.48862963612878,,pong,operator,0.92,0,
294.958,35.0,26.59511233290809,,pong,operator,1,0,
295.202,32.0,26.534694269955327,,pong,operator,1,0,
295.462,41.0,26.545197305727452,,pong,operator,1,0,
295.708,35.0,26.1732688061694,,pong,operator,1,0,
295.963,40.0,26.18678101638306,,pong,operator,1,0,
296.217,44.0,26.157408128482455,,pong,operator,1,0,
296.546,123.0,29.87473849257931,,pong,operator,1,0,
296.716,43.0,29.891303083003933,,pong,operator,0.635,0,
296.958,33.0,30.03743497704156,,pong,operator,1,0,
297.256,83.0,30.1912238903957,,pong,operator,1,0,
297.458,35.0,30.00333314816872,,pong,operator,0.835,0,
297.727,54.0,29.789721381711512,,pong,operator,1,0,
297.952,29.0,29.946452210570783,,pong,operator,0.98,0,
298.229,57.0,29.717166755934187,,pong,operator,1,0,
298.5,80.0,23.23876072427271,,pong,operator,0.965,0,
298.739,66.0,23.412817002659036,,pong,operator,0.85,0,
298.979,53.0,23.35224828576469,,pong,operator,0.92,0,
299.197,23.0,23.944258184374807,,pong,operator,0.985,0,
299.497,74.0,24.278539906674784,,pong,operator,1,0,
299.723,47.0,23.367231329363776,,pong,operator,0.88,0,
299.96,37.0,23.301233872908963,,pong,operator,1,0,
300.204,30.0,23.38861902721065,,pong,operator,1,0,
300.449,27.0,23.891996567888583,,pong,operator,1,0,
300.711,35.0,23.891996567888583,,pong,operator,1,0,
300.956,33.0,24.095850265139013,,pong,operator,1,0,
301.2,26.0,24.64426911068778,,pong,operator,1,0,
301.484,61.0,18.264993840677857,,pong,operator,1,0,
301.696,22.0,19.012824619187967,,pong,operator,0.945,0,
302.211,288.0,56.01606912306504,,pong,operator,1,0,
302.237,64.0,55.744484032054686,,pong,operator,0.25,0,
302.459,39.0,55.67214294420505,,pong,operator,0.9299999999999999,0,
302.727,54.0,55.67214294420505,,pong,operator,1,0,
302.968,45.0,55.374610608111716,,pong,operator,0.98,0,
303.223,50.0,55.40225627174403,,pong,operator,1,0,
303.446,21.0,55.706260868954395,,pong,operator,1,0,
303.709,38.0,55.757757307840144,,pong,operator,1,0,
303.965,44.0,55.79507146693155,,pong,operator,1,0,
304.269,99.0,56.21574512536501,,pong,operator,1,0,
304.469,44.0,56.13430323785983,,pong,operator,0.755,0,
304.762,93.0,56.69082818234357,,pong,operator,1,0,
304.976,52.0,56.51360455677907,,pong,operator,0.785,0,
305.199,25.0,56.648918789329066,,pong,operator,0.99,0,
305.542,118.0,57.62245655992115,,pong,operator,1,0,
305.955,279.0,74.0005912138545,,pong,operator,0.6599999999999999,0,
305.969,45.0,73.70771669235182,,pong,operator,0.25,0,
306.231,56.0,72.98991368675537,,pong,operator,1,0,
306.467,43.0,73.29015963961328,,pong,operator,0.97,0,
306.739,64.0,72.30938735738258,,pong,operator,1,0,
306.971,50.0,54.0594811295854,,pong,operator,0.9299999999999999,0,
307.215,44.0,54.274556654108196,,pong,operator,1,0,
307.483,59.0,53.96691115859791,,pong,operator,1,0,
307.726,52.0,53.99117983522864,,pong,operator,0.955,0,
307.969,45.0,53.99117983522864,,pong,operator,0.99,0,
308.219,45.0,54.07642739678722,,pong,operator,1,0,
308.493,69.0,53.09105386032566,,pong,operator,1,0,
308.727,55.0,52.735637855249266,,pong,operator,0.905,0,
308.973,49.0,52.62803435432487,,pong,operator,0.975,0,
309.266,93.0,52.474755835544386,,pong,operator,1,0,
309.729,303.0,72.74920961769963,,pong,operator,0.785,0,
309.758,84.0,72.70728986834814,,pong,operator,0,0,
309.956,33.0,73.20893046616648,,pong,operator,0.83,0,
310.211,36.0,72.82987024566225,,pong,operator,1,0,
310.493,69.0,72.37007323472874,,pong,operator,1,0,
310.719,45.0,56.126174820666336,,pong,operator,0.905,0,
310.966,42.0,56.18861094563559,,pong,operator,1,0,
311.201,30.0,56.72168897344295,,pong,operator,1,0,
311.453,32.0,56.989889454183015,,pong,operator,1,0,
311.709,37.0,57.31526847184788,,pong,operator,1,0,
311.964,44.0,57.40130660533782,,pong,operator,1,0,
312.21,39.0,57.495630268743035,,pong,operator,1,0,
312.456,34.0,57.84081603850346,,pong,operator,1,0,
312.71,39.0,58.02006118576574,,pong,operator,1,0,
312.947,22.0,58.55424835142195,,pong,operator,1,0,
313.209,33.0,58.76597655106227,,pong,operator,1,0,
313.46,36.0,58.936300358946866,,pong,operator,1,0,
313.762,86.0,59.25040084252595,,pong,operator,1,0,
314.0,77.0,59.32124408675192,,pong,operator,0.8200000000000001,0,
314.201,30.0,59.194995565503675,,pong,operator,0.865,0,
314.453,33.0,18.429527937524607,,pong,operator,1,0,
314.766,94.0,19.604782579768642,,pong,operator,1,0,
314.968,44.0,19.42652825391094,,pong,operator,0.78,0,
315.19,16.0,20.361483246561388,,pong,operator,1,0,
315.457,33.0,19.659857578324416,,pong,operator,1,0,
315.765,95.0,22.776303475322766,,pong,operator,1,0,
315.963,40.0,22.79276200902383,,pong,operator,0.775,0,
316.191,19.0,23.26859471476522,,pong,operator,1,0,
316.46,36.0,23.180325709532212,,pong,operator,1,0,
316.687,17.0,23.896181703360057,,pong,operator,1,0,
316.959,35.0,23.964348520249825,,pong,operator,1,0,
317.206,30.0,24.117369259519165,,pong,operator,1,0,
317.461,37.0,24.073637033070014,,pong,operator,1,0,
317.736,62.0,24.42104625113347,,pong,operator,1,0,
317.999,76.0,24.848490899851445,,pong,operator,0.94,0,
318.201,29.0,24.97173402068827,,pong,operator,0.87,0,
318.45,29.0,25.161279776672725,,pong,operator,1,0,
318.721,51.0,23.47184483588795,,pong,operator,1,0,
318.958,32.0,22.34479805234319,,pong,operator,0.995,0,
319.211,37.0,22.210076541966263,,pong,operator,1,0,
319.457,33.0,22.210076541966263,,pong,operator,1,0,
319.712,41.0,18.77338541659442,,pong,operator,1,0,
319.999,73.0,20.128276130856317,,pong,operator,1,0,
320.211,37.0,19.32588937151406,,pong,operator,0.885,0,
320.441,17.0,20.00524931111832,,pong,operator,1,0,
320.725,53.0,16.07669120186116,,pong,operator,1,0,
320.94,19.0,16.665158265075075,,pong,operator,0.985,0,
321.207,33.0,16.131568429635102,,pong,operator,1,0,
321.449,25.0,16.404572533290832,,pong,operator,1,0,
321.744,68.0,16.853115438992283,,pong,operator,1,0,
321.953,29.0,17.007277853907134,,pong,operator,0.91,0,
322.205,31.0,16.977632343763368,,pong,operator,1,0,
322.458,32.0,17.0653889495669,,pong,operator,1,0,
322.71,35.0,16.35236985883086,,pong,operator,1,0,
322.992,64.0,15.16047492659778,,pong,operator,1,0,
323.216,42.0,15.021567827627049,,pong,operator,0.9299999999999999,0,
323.444,20.0,15.444740205001832,,pong,operator,1,0,
323.716,41.0,15.195064988344075,,pong,operator,1,0,
323.954,29.0,15.269168281212961,,pong,operator,1,0,
324.207,30.0,15.3668474320532,,pong,operator,1,0,
324.459,38.0,15.330606641617287,,pong,operator,1,0,
324.76,87.0,18.709021887848653,,pong,operator,1,0,
324.973,48.0,17.250797083033586,,pong,operator,0.815,0,
325.472,297.0,58.81487906984082,,pong,operator,1,0,
325.494,69.0,58.36223093748216,,pong,operator,0.25,0,
325.707,32.0,58.56831481270398,,pong,operator,0.905,0,
325.964,40.0,58.12787627292089,,pong,operator,1,0,
326.216,44.0,57.97367937262564,,pong,operator,1,0,
326.447,25.0,57.97367937262564,,pong,operator,1,0,
326.703,29.0,58.16089751714635,,pong,operator,1,0,
326.946,22.0,58.325701881760494,,pong,operator,1,0,
327.209,35.0,58.25759607124207,,pong,operator,1,0,
327.472,48.0,58.07398298722071,,pong,operator,1,0,
327.742,72.0,58.03654021390317,,pong,operator,1,0,
328.206,282.0,76.21515597307402,,pong,operator,0.89,0,
328.213,39.0,76.26616222152522,,pong,operator,0.25,0,
328.453,31.0,75.96900683831532,,pong,operator,1,0,
328.724,52.0,75.819176334223,,pong,operator,1,0,
328.939,15.0,76.23442463874179,,pong,operator,0.99,0,
329.243,68.0,75.76692880142365,,pong,operator,1,0,
329.463,38.0,75.76692880142365,,pong,operator,0.91,0,
329.74,63.0,75.65677431664662,,pong,operator,1,0,
329.989,64.0,75.53136765609372,,pong,operator,0.935,0,
330.212,38.0,54.46751325331458,,pong,operator,0.9299999999999999,0,
330.46,35.0,54.54392725134486,,pong,operator,1,0,
330.739,62.0,54.34142066600763,,pong,operator,1,0,
330.957,32.0,54.48036343491112,,pong,operator,0.94,0,
331.197,26.0,54.797445195921306,,pong,operator,1,0,
331.453,33.0,54.6146500492313,,pong,operator,1,0,
331.71,40.0,54.41311882257807,,pong,operator,1,0,
331.98,55.0,53.89285666950676,,pong,operator,1,0,
332.197,22.0,54.224417931407984,,pong,operator,0.975,0,
332.456,31.0,54.471919371360514,,pong,operator,1,0,
332.729,54.0,54.330470272214654,,pong,operator,1,0,
332.956,31.0,14.884471774302238,,pong,operator,0.98,0,
333.427,254.0,48.6267416140543,,pong,operator,1,0,
333.455,34.0,48.56570291882946,,pong,operator,0.25,0,
333.731,60.0,48.59410972535663,,pong,operator,1,0,
333.963,38.0,47.955083150798515,,pong,operator,0.95,0,
334.257,86.0,48.37830092097075,,pong,operator,1,0,
334.71,285.0,69.45089992217524,,pong,operator,0.8200000000000001,0,
334.728,53.0,69.51494443643035,,pong,operator,0.25,0,
335.025,101.0,69.91101486890317,,pong,operator,0.985,0,
335.204,33.0,70.02847635069608,,pong,operator,0.745,0,
335.453,31.0,70.12879223257733,,pong,operator,1,0,
335.717,48.0,70.25544462886845,,pong,operator,1,0,
335.972,52.0,69.8865330374887,,pong,operator,1,0,
336.205,30.0,69.77067793851512,,pong,operator,0.99,0,
336.514,95.0,69.49911869944827,,pong,operator,1,0,
336.724,49.0,69.3216416424193,,pong,operator,0.775,0,
336.974,49.0,69.40792461959946,,pong,operator,1,0,
337.225,50.0,68.66775080050314,,pong,operator,1,0,
337.486,62.0,68.04474630711763,,pong,operator,1,0,
337.718,45.0,68.21004324877678,,pong,operator,0.94,0,
338.019,94.0,67.58955170734602,,pong,operator,1,0,
338.221,48.0,54.287452509765096,,pong,operator,0.78,0,
338.49,68.0,53.752465059753305,,pong,operator,1,0,
338.823,152.0,56.656398579507325,,pong,operator,0.91,0,
339.214,292.0,73.30775879809721,,pong,operator,0.25,0,
339.238,63.0,73.4812901356529,,pong,operator,0.25,0,
339.462,37.0,57.97361468806305,,pong,operator,0.935,0,
339.707,32.0,58.506815842258916,,pong,operator,1,0,
339.954,29.0,58.79836307245296,,pong,operator,1,0,
340.202,29.0,58.92357338111802,,pong,operator,1,0,
340.471,49.0,58.49126003087983,,pong,operator,1,0,
340.72,45.0,58.54784368360632,,pong,operator,1,0,
340.994,72.0,58.4281610184678,,pong,operator,1,0,
341.214,39.0,58.15623354379133,,pong,operator,0.89,0,
341.463,38.0,58.25538601708858,,pong,operator,1,0,
341.701,29.0,58.72725091471591,,pong,operator,1,0,
341.998,79.0,58.6544115987877,,pong,operator,1,0,
342.211,36.0,58.94310816372005,,pong,operator,0.855,0,
342.465,40.0,59.228878091687676,,pong,operator,1,0,
342.697,22.0,59.84168697488399,,pong,operator,1,0,
342.955,31.0,59.87194668624029,,pong,operator,1,0,
343.265,95.0,60.21733554384485,,pong,operator,1,0,
343.488,67.0,60.21428401965766,,pong,operator,0.775,0,
343.735,65.0,56.72695567364779,,pong,operator,0.915,0,
343.961,36.0,19.432640067679944,,pong,operator,0.925,0,
344.208,32.0,19.302590499723088,,pong,operator,1,0,
344.501,74.0,20.19028231600539,,pong,operator,1,0,
344.713,38.0,20.009685154944343,,pong,operator,0.88,0,
344.958,33.0,19.84559144999211,,pong,operator,1,0,
345.207,35.0,19.608352812003357,,pong,operator,1,0,
345.497,76.0,20.554561537527384,,pong,operator,1,0,
345.707,32.0,20.876960985737366,,pong,operator,0.87,0,
345.956,31.0,20.472908928630538,,pong,operator,1,0,
346.202,27.0,20.853297101417798,,pong,operator,1,0,
346.505,81.0,22.11667922632148,,pong,operator,1,0,
346.772,98.0,24.177262045153086,,pong,operator,0.845,0,
347.025,103.0,26.041121327623355,,pong,operator,0.76,0,
347.204,34.0,26.108427758101406,,pong,operator,0.735,0,
347.437,18.0,27.058085667689056,,pong,operator,1,0,
347.716,40.0,26.355454843352636,,pong,operator,1,0,
347.948,23.0,26.73368661445705,,pong,operator,1,0,
348.23,55.0,24.86543786061287,,pong,operator,1,0,
348.47,45.0,24.569493279268094,,pong,operator,0.975,0,
348.714,39.0,24.364933818912785,,pong,operator,1,0,
348.957,32.0,24.474680794649803,,pong,operator,1,0,
349.254,85.0,25.521510535232824,,pong,operator,1,0,
349.466,41.0,24.974186673443437,,pong,operator,0.825,0,
349.694,23.0,25.49210662146226,,pong,operator,1,0,
349.955,36.0,25.414759491287736,,pong,operator,1,0,
350.205,30.0,25.56261919287615,,pong,operator,1,0,
350.497,77.0,25.619328640696267,,pong,operator,1,0,
350.732,56.0,25.426560915703877,,pong,operator,0.865,0,
350.956,30.0,25.462276017669744,,pong,operator,0.97,0,
351.211,33.0,25.23979991996767,,pong,operator,1,0,
351.454,32.0,24.373140954747708,,pong,operator,1,0,
351.956,280.0,55.72019382593711,,pong,operator,1,0,
351.982,56.0,54.65242446589172,,pong,operator,0.25,0,
352.201,29.0,54.751255693362864,,pong,operator,0.97,0,
352.508,83.0,54.50584831006669,,pong,operator,1,0,
352.693,20.0,54.9762448699436,,pong,operator,0.835,0,
352.965,46.0,54.5283412548007,,pong,operator,1,0,
353.211,35.0,54.72787224075133,,pong,operator,1,0,
353.484,59.0,54.67988661290366,,pong,operator,1,0,
353.743,67.0,54.582506355058484,,pong,operator,0.955,0,
353.958,32.0,54.582506355058484,,pong,operator,0.915,0,
354.233,58.0,54.218331770721235,,pong,operator,1,0,
354.562,139.0,56.98550254231333,,pong,operator,0.96,0,
354.727,55.0,56.34028310188013,,pong,operator,0.5549999999999999,0,
354.964,38.0,56.294648946414085,,pong,operator,0.975,0,
355.246,76.0,55.847537994078124,,pong,operator,1,0,
355.468,40.0,56.03356137173506,,pong,operator,0.87,0,
355.711,35.0,56.35448074465774,,pong,operator,1,0,
355.946,21.0,56.64459374026792,,pong,operator,1,0,
356.221,48.0,56.358207033226314,,pong,operator,1,0,
356.482,61.0,55.9275424098002,,pong,operator,1,0,
356.714,43.0,25.968201709013275,,pong,operator,0.945,0,
356.956,36.0,26.181052308874065,,pong,operator,1,0,
357.247,69.0,25.94701331560147,,pong,operator,1,0,
357.501,75.0,25.540702809437327,,pong,operator,0.905,0,
357.743,67.0,24.57234217570641,,pong,operator,0.875,0,
357.966,40.0,24.716593616435095,,pong,operator,0.915,0,
358.226,48.0,24.35831480213687,,pong,operator,1,0,
358.45,24.0,25.273306075778848,,pong,operator,1,0,
358.697,21.0,26.030943125442075,,pong,operator,1,0,
358.96,32.0,26.03094312544208,,pong,operator,1,0,
359.211,33.0,26.278270491034984,,pong,operator,1,0,
359.465,44.0,16.559287424282484,,pong,operator,1,0,
359.748,79.0,18.023595645708433,,pong,operator,1,0,
360.023,95.0,20.75397552277635,,pong,operator,0.855,0,
360.206,30.0,20.21503153596353,,pong,operator,0.775,0,
360.456,30.0,20.504816507347734,,pong,operator,1,0,
360.718,41.0,20.377131790318284,,pong,operator,1,0,
360.974,48.0,19.49512759640213,,pong,operator,1,0,
361.226,50.0,19.49897433200013,,pong,operator,1,0,
361.451,25.0,19.901004999748128,,pong,operator,1,0,
361.728,52.0,19.918521531479186,,pong,operator,1,0,
361.976,50.0,19.766828273650784,,pong,operator,0.99,0,
362.217,42.0,19.175765956018545,,pong,operator,1,0,
362.474,51.0,18.06073088222069,,pong,operator,1,0,
362.691,18.0,18.24630099499622,,pong,operator,0.995,0,
362.959,35.0,18.315021157508937,,pong,operator,1,0,
363.21,36.0,18.318296864064628,,pong,operator,1,0,
363.438,16.0,18.784035775093702,,pong,operator,1,0,
363.749,78.0,19.770875043861867,,pong,operator,1,0,
363.997,76.0,20.711047776488762,,pong,operator,0.86,0,
364.235,59.0,20.64188702614177,,pong,operator,0.87,0,
364.492,66.0,20.99589245543042,,pong,operator,0.955,0,
364.737,61.0,20.04862838201157,,pong,operator,0.92,0,
365.099,173.0,32.52579745371357,,pong,operator,0.945,0,
365.204,30.0,32.52579745371357,,pong,operator,0.25,0,
365.439,17.0,33.08111243595052,,pong,operator,1,0,
365.707,31.0,33.306305709279734,,pong,operator,1,0,
365.998,72.0,33.61829858871505,,pong,operator,1,0,
366.222,46.0,33.64089772880623,,pong,operator,0.89,0,
366.485,59.0,33.10347413792093,,pong,operator,1,0,
366.749,74.0,33.40284419027817,,pong,operator,0.955,0,
366.957,35.0,33.662850443775554,,pong,operator,0.88,0,
367.21,36.0,33.79271371168643,,pong,operator,1,0,
367.456,34.0,34.056423769973264,,pong,operator,1,0,
367.715,39.0,33.28854908222946,,pong,operator,1,0,
367.95,23.0,33.7245830218848,,pong,operator,1,0,
368.265,92.0,34.508368550251696,,pong,operator,1,0,
368.457,31.0,33.789643383735196,,pong,operator,0.79,0,
368.711,35.0,33.727548087579684,,pong,operator,1,0,
368.982,56.0,33.36836076285439,,pong,operator,1,0,
369.209,34.0,33.60446398917858,,pong,operator,0.97,0,
369.45,28.0,33.84390639391381,,pong,operator,1,0,
369.705,31.0,34.00088234149226,,pong,operator,1,0,
369.997,76.0,19.956139406207807,,pong,operator,1,0,
370.213,37.0,19.76891499298836,,pong,operator,0.87,0,
370.482,56.0,18.883524565080535,,pong,operator,1,0,
370.696,20.0,19.470747289202848,,pong,operator,0.97,0,
370.967,40.0,18.536180836407482,,pong,operator,1,0,
371.208,32.0,18.714700104463336,,pong,operator,1,0,
371.463,40.0,18.377907933168018,,pong,operator,1,0,
371.711,32.0,17.000808804289285,,pong,operator,1,0,
371.953,26.0,17.25369525637914,,pong,operator,1,0,
372.253,77.0,19.014402436048314,,pong,operator,1,0,
372.462,36.0,18.977552529238324,,pong,operator,0.865,0,
372.95,275.0,54.163894800872654,,pong,operator,1,0,
372.966,43.0,53.76827596269012,,pong,operator,0.25,0,
373.214,42.0,53.14157976575405,,pong,operator,1,0,
373.436,16.0,53.541946173070706,,pong,operator,1,0,
373.695,18.0,53.93224916504039,,pong,operator,1,0,
373.953,27.0,54.16096380235492,,pong,operator,1,0,
374.206,30.0,54.22444098374828,,pong,operator,1,0,
374.463,36.0,54.09667272577862,,pong,operator,1,0,
374.706,29.0,54.13261493776188,,pong,operator,1,0,
374.995,73.0,54.062810692748855,,pong,operator,1,0,
375.208,37.0,54.062810692748855,,pong,operator,0.885,0,
375.457,30.0,54.19730159334503,,pong,operator,1,0,
375.715,42.0,53.84094631412044,,pong,operator,1,0,
375.965,44.0,53.81438004845917,,pong,operator,1,0,
376.207,30.0,53.84818938460234,,pong,operator,1,0,
376.496,67.0,53.94024471579639,,pong,operator,1,0,
376.713,35.0,53.89274069853936,,pong,operator,0.915,0,
376.957,30.0,53.80824750909475,,pong,operator,1,0,
377.215,38.0,53.53120585228769,,pong,operator,1,0,
377.523,98.0,54.48118941432905,,pong,operator,1,0,
377.72,46.0,18.773585166398025,,pong,operator,0.76,0,
377.966,45.0,18.791686991858928,,pong,operator,1,0,
378.188,18.0,19.422860242508055,,pong,operator,1,0,
378.452,32.0,18.758664664628984,,pong,operator,1,0,
378.723,44.0,18.059554258065173,,pong,operator,1,0,
378.959,32.0,17.890220792377047,,pong,operator,1,0,
379.209,29.0,17.924494414069258,,pong,operator,1,0,
379.458,31.0,18.037461018668896,,pong,operator,1,0,
379.709,32.0,17.94512468610904,,pong,operator,1,0,
379.946,19.0,17.06597492087692,,pong,operator,1,0,
380.213,37.0,17.06597492087692,,pong,operator,1,0,
380.45,25.0,17.231076576929258,,pong,operator,1,0,
380.706,32.0,17.273100474437122,,pong,operator,1,0,
380.954,28.0,17.356266879718117,,pong,operator,1,0,
381.232,56.0,17.723148704448654,,pong,operator,1,0,
381.469,43.0,16.53934702459562,,pong,operator,0.97,0,
381.704,29.0,16.63610531344401,,pong,operator,1,0,
381.979,57.0,17.086471256523392,,pong,operator,1,0,
382.201,30.0,17.188004538049206,,pong,operator,0.965,0,
382.471,51.0,10.91146186356347,,pong,operator,1,0,
382.77,99.0,17.50849793671633,,pong,operator,0.995,0,
382.969,42.0,17.464535493393463,,pong,operator,0.755,0,
383.26,83.0,19.332550271498068,,pong,operator,1,0,
383.469,42.0,19.20800614327265,,pong,operator,0.835,0,
383.716,39.0,19.213536894595954,,pong,operator,1,0,
383.986,59.0,19.424919562253017,,pong,operator,1,0,
384.192,17.0,20.02866695514207,,pong,operator,0.955,0,
384.452,29.0,20.090980563426964,,pong,operator,1,0,
384.761,92.0,22.626256871166298,,pong,operator,1,0,
385.0,73.0,22.530590316278886,,pong,operator,0.79,0,
385.257,80.0,23.398931599541037,,pong,operator,0.885,0,
385.479,50.0,22.670410230077444,,pong,operator,0.85,0,
385.755,78.0,22.902565358492048,,pong,operator,1,0,
385.988,61.0,22.15739154322999,,pong,operator,0.86,0,
386.323,147.0,29.813545579149086,,pong,operator,0.945,0,
386.463,38.0,29.975990392312312,,pong,operator,0.515,0,
386.691,15.0,30.83812575368354,,pong,operator,1,0,
387.036,112.0,32.91090244888463,,pong,operator,1,0,
387.233,60.0,32.098714927548116,,pong,operator,0.69,0,
387.499,78.0,32.118686149965725,,pong,operator,0.95,0,
387.733,56.0,31.176072555727735,,pong,operator,0.86,0,
387.959,30.0,31.67723946305928,,pong,operator,0.97,0,
388.207,30.0,32.020462207782074,,pong,operator,1,0,
388.472,45.0,31.946009140423165,,pong,operator,1,0,
388.696,19.0,32.870161240857946,,pong,operator,1,0,
388.963,36.0,33.23116007604911,,pong,operator,1,0,
389.206,29.0,32.6004601194523,,pong,operator,1,0,
389.435,14.0,33.41896916423366,,pong,operator,1,0,
389.714,34.0,32.779376138053635,,pong,operator,1,0,
389.958,32.0,32.82468583246457,,pong,operator,1,0,
390.254,78.0,32.74278546489287,,pong,operator,1,0,
390.464,36.0,32.92931824377783,,pong,operator,0.86,0,
390.731,54.0,32.37066573303675,,pong,operator,1,0,
390.968,41.0,32.33048097384263,,pong,operator,0.98,0,
391.278,103.0,26.587591090582087,,pong,operator,1,0,
391.485,56.0,26.57235405454323,,pong,operator,0.735,0,
391.747,75.0,26.07086496455382,,pong,operator,0.97,0,
391.963,36.0,22.12894032709203,,pong,operator,0.875,0,
392.207,38.0,22.006817125609057,,pong,operator,1,0,
392.458,30.0,20.97951381705496,,pong,operator,1,0,
392.7,21.0,21.32902951378707,,pong,operator,1,0,
392.98,53.0,21.279097725232617,,pong,operator,1,0,
393.498,319.0,63.59518456612891,,pong,operator,0.985,0,
393.711,283.0,80.24105869191906,,pong,operator,0,0,
393.737,60.0,79.44834800044617,,pong,operator,0.25,0,
393.997,72.0,79.03265148025847,,pong,operator,0.95,0,
394.233,57.0,78.48337403552424,,pong,operator,0.89,0,
394.48,52.0,77.44643310056313,,pong,operator,0.965,0,
394.778,101.0,76.98329364219227,,pong,operator,0.99,0,
395.061,135.0,77.0551750371122,,pong,operator,0.745,0,
395.213,35.0,77.81662740057551,,pong,operator,0.575,0,
395.468,40.0,77.7010135069035,,pong,operator,1,0,
395.713,35.0,78.16514568527332,,pong,operator,1,0,
395.985,57.0,77.82152658487239,,pong,operator,1,0,
396.274,97.0,77.75499983923862,,pong,operator,0.965,0,
396.528,100.0,77.59355643350804,,pong,operator,0.765,0,
396.881,211.0,82.25594203460318,,pong,operator,0.75,0,
396.971,42.0,82.06332920373143,,pong,operator,0.25,0,
397.242,70.0,81.30528888085941,,pong,operator,1,0,
397.497,76.0,80.11841236569781,,pong,operator,0.9,0,
397.824,153.0,79.11535881230647,,pong,operator,0.87,0,
397.967,46.0,79.34826715184143,,pong,operator,0.25,0,
398.248,78.0,61.85870997684966,,pong,operator,1,0,
398.656,235.0,54.85927451215519,,pong,operator,0.86,0,
398.745,73.0,54.604830372413026,,pong,operator,0.25,0,
398.974,51.0,55.10680538735665,,pong,operator,0.885,0,
399.235,62.0,54.98042833590877,,pong,operator,0.995,0,
399.703,280.0,68.43849428501477,,pong,operator,0.94,0,
399.722,47.0,69.35940815779787,,pong,operator,0.25,0,
400.004,77.0,68.8853213681986,,pong,operator,1,0,
400.207,31.0,69.05973863257809,,pong,operator,0.865,0,
400.481,55.0,68.55917152358245,,pong,operator,1,0,
400.753,80.0,67.31974078975645,,pong,operator,0.975,0,
400.98,59.0,67.2631213964978,,pong,operator,0.85,0,
401.221,51.0,67.97740433408737,,pong,operator,0.955,0,
401.482,62.0,68.30920508979739,,pong,operator,0.995,0,
401.943,265.0,73.80736751842596,,pong,operator,0.94,0,
401.961,41.0,73.84334770309376,,pong,operator,0.25,0,
402.213,35.0,74.8139525757061,,pong,operator,1,0,
402.475,55.0,75.18949394696043,,pong,operator,1,0,
402.698,20.0,75.36396685419366,,pong,operator,0.975,0,
402.959,30.0,75.85860201717404,,pong,operator,1,0,
403.236,58.0,76.06725642482449,,pong,operator,1,0,
403.498,75.0,67.64486307178099,,pong,operator,0.96,0,
403.702,24.0,68.5666828714938,,pong,operator,0.875,0,
403.959,31.0,69.02311207124755,,pong,operator,1,0,
404.213,35.0,69.46616082669317,,pong,operator,1,0,
404.465,37.0,50.40575363983758,,pong,operator,1,0,
404.722,44.0,50.44390448805485,,pong,operator,1,0,
404.949,21.0,50.87777019485032,,pong,operator,1,0,
405.247,69.0,50.638201982297915,,pong,operator,1,0,
405.463,35.0,50.871676795639445,,pong,operator,0.905,0,
405.699,30.0,50.87659088421708,,pong,operator,1,0,
406.013,85.0,51.321803358806484,,pong,operator,1,0,
406.201,23.0,51.79563205522257,,pong,operator,0.825,0,
406.726,296.0,74.00505050332714,,pong,operator,1,0,
406.755,77.0,58.344215651596514,,pong,operator,0.25,0,
406.998,67.0,58.2840243977713,,pong,operator,0.865,0,
407.224,55.0,58.0631337425048,,pong,operator,0.915,0,
407.463,34.0,58.30360194704954,,pong,operator,0.975,0,
407.717,47.0,57.734110368135056,,pong,operator,1,0,
408.005,84.0,57.593641142056654,,pong,operator,1,0,
408.221,47.0,57.67547138949105,,pong,operator,0.83,0,
408.459,36.0,57.8215141621179,,pong,operator,1,0,
408.703,30.0,57.65524694249431,,pong,operator,1,0,
408.954,32.0,57.63124152749097,,pong,operator,1,0,
409.202,31.0,57.721746335328426,,pong,operator,1,0,
409.48,58.0,57.50258689833005,,pong,operator,1,0,
409.719,43.0,57.51695402227068,,pong,operator,0.96,0,
409.968,42.0,56.98462511941268,,pong,operator,1,0,
410.254,80.0,57.11164504722308,,pong,operator,1,0,
410.531,104.0,57.48345414117004,,pong,operator,0.85,0,
410.712,38.0,57.26558739766842,,pong,operator,0.73,0,
411.101,176.0,62.05320297937891,,pong,operator,1,0,
411.219,45.0,61.40187293560352,,pong,operator,0.25,0,
411.488,65.0,33.31137193211952,,pong,operator,1,0,
411.71,36.0,33.435759300485465,,pong,operator,0.925,0,
411.98,58.0,33.36536377742643,,pong,operator,1,0,
412.231,60.0,33.36779884859054,,pong,operator,0.96,0,
412.455,33.0,33.403405515006995,,pong,operator,0.95,0,
412.693,21.0,34.27167197555438,,pong,operator,1,0,
412.995,68.0,33.79093813435785,,pong,operator,1,0,
413.218,41.0,33.888456736771,,pong,operator,0.91,0,
413.467,36.0,33.888456736771,,pong,operator,1,0,
413.71,34.0,33.752740629465926,,pong,operator,1,0,
413.983,58.0,33.33807882887075,,pong,operator,1,0,
414.203,29.0,33.41687447981932,,pong,operator,0.96,0,
414.46,33.0,33.793490497431605,,pong,operator,1,0,
414.756,83.0,34.20526275297414,,pong,operator,1,0,
414.964,38.0,34.30393563426797,,pong,operator,0.835,0,
415.218,45.0,33.96685884800065,,pong,operator,1,0,
415.446,18.0,32.92548405111154,,pong,operator,1,0,
415.708,33.0,33.04012711839953,,pong,operator,1,0,
415.976,57.0,16.457445123712247,,pong,operator,1,0,
416.212,39.0,16.50113632450808,,pong,operator,0.965,0,
416.453,30.0,16.057708429287164,,pong,operator,1,0,
416.703,24.0,16.507271125173897,,pong,operator,1,0,
416.977,52.0,16.264685671724493,,pong,operator,1,0,
417.254,79.0,17.794591875061364,,pong,operator,0.99,0,
417.471,46.0,17.670880000724352,,pong,operator,0.855,0,
417.705,25.0,17.43961008738441,,pong,operator,1,0,
417.939,16.0,17.454512310574593,,pong,operator,1,0,
418.465,291.0,57.25740126830765,,pong,operator,1,0,
418.485,65.0,57.1680636369643,,pong,operator,0.25,0,
418.717,46.0,57.00988949296429,,pong,operator,0.925,0,
418.965,34.0,57.19377151403813,,pong,operator,1,0,
419.257,85.0,57.26471426629142,,pong,operator,1,0,
419.475,44.0,57.084586360943355,,pong,operator,0.825,0,
419.701,30.0,57.06949710659803,,pong,operator,1,0,
420.263,334.0,83.18610160357318,,pong,operator,1,0,ESTOP
420.502,323.0,99.52711941978426,,pong,operator,0,0,ESTOP
420.54,109.0,98.50121826657781,,pong,operator,0,0,ESTOP
420.727,56.0,97.98411861113004,,pong,operator,0.7050000000000001,0,ESTOP
421.099,168.0,99.13707681790903,,pong,operator,0.97,0,
421.221,50.0,98.85609490567589,,pong,operator,0.25,0,
421.466,35.0,98.69670713858694,,pong,operator,1,0,
421.719,47.0,97.98718028395346,,pong,operator,1,0,
421.961,30.0,98.60490606455645,,pong,operator,1,0,
422.265,94.0,98.53243120922167,,pong,operator,1,0,
422.471,40.0,98.69442740094294,,pong,operator,0.78,0,
422.706,35.0,98.35771449154358,,pong,operator,1,0,
422.981,53.0,97.16505287396288,,pong,operator,1,0,
423.205,26.0,87.60228307527153,,pong,operator,0.985,0,
423.449,18.0,88.73571716056618,,pong,operator,1,0,
423.691,19.0,89.48826738740671,,pong,operator,1,0,
423.965,37.0,89.41100323785659,,pong,operator,1,0,
424.215,38.0,89.90834221583667,,pong,operator,1,0,
424.469,40.0,89.99105511104979,,pong,operator,1,0,
424.694,15.0,90.45842967905203,,pong,operator,1,0,
424.97,41.0,69.06525899466388,,pong,operator,1,0,
425.239,58.0,35.131858760959396,,pong,operator,1,0,
425.506,84.0,33.429926712453316,,pong,operator,0.96,0,
425.726,45.0,33.40400425098763,,pong,operator,0.83,0,
425.968,46.0,19.150652730390156,,pong,operator,1,0,
426.205,22.0,19.573642992555065,,pong,operator,1,0,
426.512,90.0,22.203378121358018,,pong,operator,1,0,
426.731,52.0,22.2649388052157,,pong,operator,0.8,0,
427.0,71.0,22.7499450548787,,pong,operator,0.99,0,
427.237,58.0,20.175232340669588,,pong,operator,0.895,0,
427.448,28.0,20.473397373176734,,pong,operator,0.96,0,
427.699,29.0,20.643400882606528,,pong,operator,1,0,
427.987,64.0,21.032058862603062,,pong,operator,1,0,
428.235,62.0,20.950596650215,,pong,operator,0.9299999999999999,0,
428.492,66.0,20.363877332178173,,pong,operator,0.94,0,
428.691,17.0,20.511643035115448,,pong,operator,0.92,0,
428.961,37.0,20.511643035115448,,pong,operator,1,0,
429.201,29.0,20.825705270170324,,pong,operator,1,0,
429.457,37.0,20.89132595121717,,pong,operator,1,0,
429.749,70.0,20.027730775102807,,pong,operator,1,0,
429.993,64.0,20.120822547798586,,pong,operator,0.9,0,
430.211,32.0,20.49213263669743,,pong,operator,0.9299999999999999,0,
430.434,15.0,20.31034219307986,,pong,operator,1,0,
430.723,53.0,20.35165840908303,,pong,operator,1,0,
430.97,47.0,20.350122849752037,,pong,operator,0.985,0,
431.208,34.0,19.768345909559557,,pong,operator,1,0,
431.505,85.0,19.25746608461248,,pong,operator,1,0,
431.723,46.0,19.231744590650116,,pong,operator,0.825,0,
431.948,20.0,19.28801441310121,,pong,operator,1,0,
432.211,40.0,19.062725408503372,,pong,operator,1,0,
432.453,27.0,19.10523488471157,,pong,operator,1,0,
432.707,30.0,19.067970526513825,,pong,operator,1,0,
432.942,15.0,19.45276329985023,,pong,operator,1,0,
433.216,39.0,18.866040920129482,,pong,operator,1,0,
433.49,62.0,18.610413751445723,,pong,operator,1,0,
433.717,37.0,17.873094304009026,,pong,operator,0.94,0,
433.965,38.0,17.863370342687297,,pong,operator,1,0,
434.211,36.0,17.692583191834935,,pong,operator,1,0,
434.458,32.0,17.787355059142435,,pong,operator,1,0,
434.706,27.0,16.73163171959029,,pong,operator,1,0,
435.007,81.0,18.337393489806562,,pong,operator,1,0,
435.21,30.0,18.385048272985305,,pong,operator,0.845,0,
435.477,50.0,17.599644882781014,,pong,operator,1,0,
435.688,18.0,18.09723735822681,,pong,operator,1,0,
435.983,64.0,18.805517807281987,,pong,operator,1,0,
436.208,37.0,18.76459432015518,,pong,operator,0.9299999999999999,0,
436.439,19.0,16.329115101560156,,pong,operator,1,0,
436.711,42.0,16.24684584773303,,pong,operator,1,0,
436.976,56.0,16.235762994081924,,pong,operator,1,0,
437.208,35.0,16.256921602812756,,pong,operator,0.97,0,
